{"benepar": {"term": {"1": [[1, 1], [1, 1], [1, 1]], "2": [[1, 1], [1, 1], [1, 1], [1, 1], [1, 1]], "3": [[1, 1], [1, 1], [1, 1], [1, 1], [2, 2], [1, 1]], "4": [[0, 1], [0, 1], [0, 1], [1, 1]], "5": [[1, 1], [1, 1], [0, 1], [1, 1], [0, 1], [1, 2]], "6": [[0, 2], [1, 2], [0, 1], [2, 2]], "10": [[1, 2], [1, 1], [0, 2], [1, 1]], "7": [[0, 2], [2, 2], [2, 2]], "11": [[2, 2], [0, 3], [1, 1], [2, 2]], "9": [[0, 3], [1, 1], [0, 2], [0, 1]], "14": [[0, 1], [0, 1], [1, 1]], "8": [[2, 2], [2, 2]], "13": [[2, 3], [2, 3]], "12": [[3, 3], [2, 2]]}, "class": {"1": [[1, 1], [1, 1], [1, 1], [1, 1], [1, 1], [0, 1], [1, 1], [1, 1], [0, 1], [0, 2], [0, 1], [0, 1], [1, 1], [1, 1], [1, 1], [1, 1]], "2": [[1, 1], [1, 2], [1, 2], [1, 1], [2, 2], [1, 1], [1, 1], [1, 1], [1, 1], [0, 2], [2, 2], [0, 1], [0, 1], [0, 3], [2, 2]], "3": [[0, 1], [1, 1], [2, 2], [2, 2], [0, 2], [1, 1], [1, 2], [2, 3], [0, 1], [0, 1], [2, 2], [0, 2], [2, 3], [0, 3], [2, 2]], "4": [[3, 3], [2, 2], [1, 1], [1, 1], [2, 2], [1, 1]]}}, "stanza": {"term": {"1": [[1, 1], [1, 1], [1, 1]], "2": [[1, 1], [1, 1], [1, 1], [1, 1], [1, 1]], "3": [[1, 1], [0, 0], [1, 1], [1, 1], [1, 1], [1, 1]], "4": [[1, 1], [1, 1], [0, 0], [1, 2]], "5": [[1, 1], [1, 1], [1, 1], [1, 1], [0, 1], [1, 3]], "6": [[0, 1], [1, 1], [0, 2], [2, 2]], "10": [[2, 2], [2, 3], [1, 4], [2, 3]], "7": [[0, 1], [2, 2], [1, 2]], "11": [[2, 2], [1, 3], [3, 3], [2, 4]], "9": [[0, 2], [0, 2], [0, 2], [1, 3]], "14": [[2, 5], [2, 2], [2, 4]], "8": [[2, 2], [1, 2]], "13": [[2, 3], [2, 3]], "12": [[3, 3], [3, 3]]}, "class": {"1": [[1, 1], [1, 1], [1, 1], [1, 1], [1, 1], [1, 1], [1, 1], [1, 1], [1, 1], [0, 1], [0, 0], [1, 1], [0, 0], [1, 1], [1, 1], [1, 1]], "2": [[1, 2], [1, 1], [2, 2], [1, 1], [1, 1], [1, 1], [1, 1], [1, 1], [1, 1], [0, 1], [2, 2], [0, 2], [0, 1], [0, 2], [2, 2]], "3": [[2, 5], [0, 2], [2, 2], [2, 2], [0, 2], [2, 3], [1, 3], [2, 3], [2, 2], [1, 3], [1, 2], [1, 4], [2, 3], [1, 3], [1, 2]], "4": [[3, 3], [3, 3], [3, 3], [2, 4], [2, 4], [2, 3]]}}, "coreNLP": {"term": {"1": [[1, 1], [1, 1], [1, 1]], "2": [[1, 1], [1, 1], [1, 1], [1, 1], [1, 1]], "3": [[1, 1], [1, 2], [1, 1], [2, 2], [2, 2], [0, 0]], "4": [[1, 2], [1, 1], [1, 1], [2, 2]], "5": [[0, 2], [1, 1], [0, 1], [2, 2], [1, 2], [1, 1]], "6": [[0, 1], [0, 0], [0, 1], [2, 2]], "10": [[2, 2], [2, 3], [2, 3], [2, 3]], "7": [[1, 2], [3, 3], [2, 3]], "11": [[2, 2], [1, 2], [3, 4], [2, 4]], "9": [[1, 5], [0, 1], [2, 4], [0, 1]], "14": [[2, 5], [2, 3], [4, 4]], "8": [[3, 3], [2, 3]], "13": [[2, 3], [1, 2]], "12": [[4, 4], [4, 4]]}, "class": {"1": [[1, 1], [1, 1], [1, 1], [1, 1], [1, 1], [1, 2], [0, 2], [1, 1], [1, 1], [0, 1], [1, 1], [0, 1], [1, 2], [1, 1], [1, 1], [1, 1]], "2": [[2, 2], [0, 0], [2, 2], [2, 2], [2, 2], [2, 2], [1, 1], [1, 1], [0, 0], [1, 2], [2, 2], [0, 1], [1, 2], [1, 5], [2, 2]], "3": [[2, 5], [0, 1], [3, 3], [3, 3], [2, 4], [2, 3], [1, 1], [2, 3], [2, 3], [0, 1], [2, 3], [2, 3], [1, 2], [1, 2], [2, 3]], "4": [[4, 4], [4, 4], [3, 4], [4, 4], [2, 4], [2, 3]]}}, "xStanza": {"term": {"1": [[1, 1], [1, 1], [1, 1]], "2": [[1, 1], [1, 1], [1, 1], [1, 1], [2, 2]], "3": [[1, 1], [0, 0], [1, 1], [1, 1], [2, 2], [1, 1]], "4": [[1, 2], [1, 1], [0, 0], [1, 2]], "5": [[1, 1], [1, 1], [1, 1], [1, 2], [0, 1], [0, 0]], "6": [[0, 1], [0, 0], [0, 3], [2, 2]], "10": [[1, 1], [3, 4], [1, 3], [2, 4]], "7": [[0, 1], [2, 2], [2, 2]], "11": [[2, 2], [1, 4], [3, 3], [3, 5]], "9": [[0, 0], [0, 2], [0, 2], [1, 3]], "14": [[2, 8], [2, 2], [3, 5]], "8": [[2, 3], [2, 3]], "13": [[2, 2], [2, 4]], "12": [[3, 3], [3, 3]]}, "class": {"1": [[1, 1], [1, 1], [1, 1], [1, 1], [1, 1], [1, 2], [1, 1], [1, 1], [1, 1], [0, 1], [0, 0], [1, 1], [0, 0], [1, 1], [1, 1], [1, 1]], "2": [[1, 2], [0, 0], [1, 1], [1, 1], [2, 2], [1, 2], [1, 1], [2, 2], [1, 1], [0, 1], [2, 2], [0, 3], [0, 1], [0, 0], [2, 2]], "3": [[2, 8], [0, 2], [2, 2], [2, 3], [0, 2], [3, 4], [0, 0], [2, 2], [2, 2], [1, 3], [2, 3], [1, 3], [2, 4], [1, 4], [2, 2]], "4": [[3, 3], [3, 3], [3, 3], [3, 5], [3, 5], [2, 4]]}}, "ncbo": {"term": {"1": [[0, 1], [1, 1], [1, 1]], "2": [[0, 1], [1, 1], [1, 1], [0, 1], [0, 1]], "3": [[1, 1], [0, 1], [1, 1], [0, 1], [0, 2], [2, 2]], "4": [[1, 1], [1, 1], [0, 1], [1, 2]], "5": [[1, 1], [1, 1], [1, 1], [0, 2], [2, 2], [1, 2]], "6": [[0, 1], [0, 2], [1, 2], [2, 2]], "10": [[2, 2], [2, 4], [1, 5], [1, 3]], "7": [[1, 1], [1, 2], [1, 2]], "11": [[2, 2], [2, 4], [2, 4], [2, 3]], "9": [[1, 4], [1, 2], [3, 3], [2, 2]], "14": [[3, 3], [1, 3], [2, 4]], "8": [[1, 2], [1, 2]], "13": [[1, 5], [1, 3]], "12": [[2, 3], [2, 3]]}, "class": {"1": [[0, 1], [1, 1], [1, 1], [0, 1], [1, 1], [1, 1], [1, 1], [1, 1], [1, 1], [0, 1], [0, 1], [1, 1], [0, 1], [1, 1], [1, 1], [1, 1]], "2": [[1, 2], [0, 2], [2, 2], [0, 1], [0, 2], [0, 2], [0, 1], [0, 1], [2, 2], [1, 1], [2, 2], [1, 2], [2, 2], [1, 4], [2, 2]], "3": [[3, 3], [1, 2], [1, 2], [1, 2], [3, 3], [2, 4], [1, 2], [1, 5], [1, 3], [2, 2], [1, 2], [1, 5], [1, 3], [2, 4], [1, 2]], "4": [[2, 3], [2, 3], [2, 4], [2, 4], [2, 3], [1, 3]]}}}