{
  "0":{
    "query":"sodium",
    "phrase":["sodium"],
    "annotation":["http://purl.obolibrary.org/obo/CHEBI_29101"]
  },
  "1":{
    "query":"chloride",
    "phrase":["chloride"],
    "annotation":["http://purl.obolibrary.org/obo/CHEBI_17996"]
  },
  "2":{
    "query":"hydron",
    "phrase":["hydron"],
    "annotation":["http://purl.obolibrary.org/obo/CHEBI_15378"]
  },
  "3":{
    "query":"basolateral membrane",
    "phrase":["basolateral membrane"],
    "annotation":["http://purl.obolibrary.org/obo/FMA_84669"]
  },
  "4":{
    "query":"apical plasma membrane",
    "phrase":["apical plasma membrane"],
    "annotation":["http://purl.obolibrary.org/obo/FMA_84666"]
  },
  "5":{
    "query":"Portion of renal filtrate",
    "phrase":["portion of renal filtrate"],
    "annotation":["http://purl.obolibrary.org/obo/FMA_280587"]
  },
  "6":{
    "query":"Collecting duct of renal tubule",
    "phrase":["collecting duct of renal tubule"],
    "annotation":["http://purl.obolibrary.org/obo/FMA_15628"]
  },
  "7":{
    "query":"Epithelial cell of proximal tubule",
    "phrase":["epithelial cell of proximal tubule"],
    "annotation":["http://purl.obolibrary.org/obo/FMA_70973"]
  },
  "8":{
    "query":"sodium/glucose cotransporter 1 (rat)",
    "phrase":["sodium/glucose cotransporter 1 (rat)"],
    "annotation":["http://purl.obolibrary.org/obo/PR_P53790"]
  },
  "9":{
    "query":"give me model containing glucose transporter",
    "phrase":["glucose transporter"],
    "annotation":["http://identifiers.org/go/GO:0005355"]
  },
  "10":{
    "query":"chemical concentration flow rate",
    "phrase":["chemical concentration flow rate"],
    "annotation":["http://identifiers.org/opb/OPB_00593"]
  },
  "11":{
    "query":"voltage gated calcium channel complex",
    "phrase":["voltage gated calcium channel complex"],
    "annotation":["http://identifiers.org/go/GO:0005891"]
  },
  "12":{
    "query":"van't Hoff law",
    "phrase":["van't hoff law"],
    "annotation":["http://identifiers.org/opb/OPB_01061"]
  },
  "13":{
    "query":"left ventricular wall",
    "phrase":["left ventricular wall"],
    "annotation":["http://purl.obolibrary.org/obo/FMA_9556"]
  },
  "14":{
    "query":"oxidative phosphorylation",
    "phrase":["oxidative phosphorylation"],
    "annotation":["http://identifiers.org/go/GO:0006119"]
  },
  "15":{
    "query":"Cardiac myocyte",
    "phrase":["cardiac myocyte"],
    "annotation":["http://purl.obolibrary.org/obo/FMA_14067"]
  },
  "16":{
    "query":"calcium driven ADP phosphorylation",
    "phrase":["calcium", "ADP phosphorylation"],
    "annotation":["http://identifiers.org/chebi/CHEBI:29108", "http://identifiers.org/go/GO:0006757"]
  },
  "17":{
    "query":"electrical potential difference across blood cell",
    "phrase":["electrical potential difference", "blood cell"],
    "annotation":["http://identifiers.org/opb/OPB_00506", "http://purl.obolibrary.org/obo/FMA_9670"]
  },
  "18":{
    "query":"mechanisms of SGLT2 inhibitors in lowering cytosolic calcium ion transport",
    "phrase":["sglt2 inhibitors", "cytosolic calcium ion transport"],
    "annotation":["http://identifiers.org/chebi/CHEBI:73273","http://identifiers.org/go/GO:0060401"]
  },
  "19":{
    "query":"flux of potassium",
    "phrase":["flux", "potassium"],
    "annotation":["http://identifiers.org/opb/OPB_00593","http://purl.obolibrary.org/obo/CHEBI_29103"]
  },
  "20":{
    "query":"concentration of sodium",
    "phrase":["concentration", "sodium"],
    "annotation":["http://identifiers.org/opb/OPB_00340", "http://purl.obolibrary.org/obo/CHEBI_29101"]
  },
  "21":{
    "query":"Nernst reversal potential of sodium",
    "phrase":["nernst reversal potential","sodium"],
    "annotation":["http://identifiers.org/opb/OPB_01581","http://purl.obolibrary.org/obo/CHEBI_29101"]
  },
  "22":{
    "query":"sodium flux",
    "phrase":["sodium","flux"],
    "annotation":["http://purl.obolibrary.org/obo/CHEBI_29101","http://identifiers.org/opb/OPB_00593"]
  },
  "23":{
    "query":"potassium concentration",
    "phrase":["potassium","concentration"],
    "annotation":["http://purl.obolibrary.org/obo/CHEBI_29103","http://identifiers.org/opb/OPB_00340"]
  },
  "24":{
    "query":"luminal antiporter activity",
    "phrase":["luminal","antiporter activity"],
    "annotation":["http://purl.obolibrary.org/obo/FMA_74550","http://identifiers.org/go/GO:0015297"]
  },
  "25":{
    "query":"electrical flow rate incorporating calcium efflux ATPase",
    "phrase":["electrical flow rate"," calcium efflux ATPase"],
    "annotation":["http://identifiers.org/opb/OPB_00318","http://identifiers.org/go/GO:0005388"]
  },
  "26":{
    "query":"the mechanisms of calcium channel blocker in ventricular cardiac muscle cell",
    "phrase":["calcium channel blocker","ventricular cardiac muscle cell"],
    "annotation":["http://identifiers.org/chebi/CHEBI:38215","https://identifiers.org/cl/CL:2000046"]
  },
  "27":{
    "query":"sodium channel in renal intercalated cell",
    "phrase":["sodium channel","renal intercalated cell"],
    "annotation":["http://purl.obolibrary.org/obo/GO_0005272","http://identifiers.org/cl/CL:0005010"]
  },
  "28":{
    "query":"calcium ion significance in mitochondria",
    "phrase":["calcium ion","mitochondria"],
    "annotation":["http://purl.obolibrary.org/obo/CHEBI_39124","http://identifiers.org/go/GO:0005739"]
  },
  "29":{
    "query":"the regulation of mitochondria Na+/Ca2+ antiporter across plasma membrane",
    "phrase":["the regulation of mitochondria Na+/Ca2+ antiporter","plasma membrane"],
    "annotation":["http://identifiers.org/go/GO:0005432","http://purl.obolibrary.org/obo/FMA_63841"]
  },
  "30":{
    "query":"membrane hyperpolarization removes calcium channel blocker",
    "phrase":["membrane hyperpolarization","calcium channel blocker"],
    "annotation":["http://identifiers.org/go/GO:0060081","http://identifiers.org/chebi/CHEBI:38215"]
  },
  "31":{
    "query":"portion of cytosol in epithelial cell of distal tubule via sodium/hydrogen exchanger 3 (human)",
    "phrase":["portion of cytosol", "epithelial cell of distal tubule", "sodium/hydrogen exchanger 3 (human)"],
    "annotation":["http://purl.obolibrary.org/obo/FMA_66836", "http://purl.obolibrary.org/obo/FMA_70981", "http://purl.obolibrary.org/obo/PR_P48764"]
  },
  "32":{
    "query":"glucose transporter from a kidney that counts for diabetes",
    "phrase":["glucose transporter", "kidney", "diabetes"],
    "annotation":["http://identifiers.org/go/GO:0005355", "http://purl.obolibrary.org/obo/FMA_7203", "http://identifiers.org/chebi/CHEBI:5931"]
  },
  "33":{
    "query":"Flux of sodium through basolateral plasma membrane",
    "phrase":["flux", "sodium", "basolateral plasma membrane"],
    "annotation":["http://identifiers.org/opb/OPB_00593", "http://purl.obolibrary.org/obo/CHEBI_29101", "http://purl.obolibrary.org/obo/FMA_84669"]
  },
  "34":{
    "query":"The sodium flow across the apical plasma membrane",
    "phrase":["sodium", "flow", "apical plasma membrane"],
    "annotation":["http://purl.obolibrary.org/obo/CHEBI_29101", "http://identifiers.org/opb/OPB_00593", "http://purl.obolibrary.org/obo/FMA_84666"]
  },

  "35":{
    "query":"The exchange of chloride with bicarbonate across plasma membrane",
    "phrase":["chloride", "bicarbonate", "plasma membrane"],
    "annotation":["http://purl.obolibrary.org/obo/CHEBI_17996", "http://purl.obolibrary.org/obo/CHEBI_17544", "http://purl.obolibrary.org/obo/FMA_63841"]
  },
  "36":{
    "query":"concentration of hydron in epithelial cell of proximal tubule compartment",
    "phrase":["concentration","hydron","epithelial cell of proximal tubule compartment"],
    "annotation":["http://identifiers.org/opb/OPB_00340", "http://purl.obolibrary.org/obo/CHEBI_15378", "http://purl.obolibrary.org/obo/FMA_70973"]
  },
  "37":{
    "query":"NBCe1 transports H+ and HCO3-",
    "phrase":["NBCe1", "H+", "HCO3-"],
    "annotation":["http://purl.obolibrary.org/obo/PR_000015160", "http://purl.obolibrary.org/obo/CHEBI_15378", "http://purl.obolibrary.org/obo/CHEBI_17544"]
  },
  "38":{
    "query":"the reverse mode of SGLT1 applies with of a-methyl-alpha-D-glucopyranoside in apical plasma membrane",
    "phrase":["SGLT1","a-methyl-alpha-D-glucopyranoside","tissue fluid"],
    "annotation":["http://purl.obolibrary.org/obo/PR_000015165","http://identifiers.org/chebi/CHEBI:320061","http://purl.obolibrary.org/obo/FMA_84666"]
  },
  "39":{
    "query":"Na/H exchanger 3 rat and anion exchanger 1 rat in the distal convoluted tubule",
    "phrase":["Na/H exchanger 3","anion exchanger","distal convoluted tubule"],
    "annotation":["http://purl.obolibrary.org/obo/PR_P26433","http://purl.obolibrary.org/obo/PR_P23562","http://identifiers.org/fma/FMA:17721"]
  },
  "40":{
    "query":"calcium channel complex and ryanodine receptor in cardiac myocite",
    "phrase":["calcium channel complex","ryanodine receptor","cardiac myocite"],
    "annotation":["http://identifiers.org/go/GO:0034704","http://identifiers.org/fma/FMA:62492","http://purl.obolibrary.org/obo/FMA_14067"]
  },
  "41":{
    "query":"Flow rate of Calcium across sarcoplasmic reticulum membrane",
    "phrase":["flow rate","calcium", "sarcoplasmic reticulum membrane"],
    "annotation":["http://identifiers.org/opb/OPB_00593","http://purl.obolibrary.org/obo/CHEBI_39124","http://identifiers.org/go/GO:0033017"]
  },
  "42":{
    "query":"RyR2 (human) and IP3 related to sarcoplasmic reticulum calcium (human)",
    "phrase":["RyR2 (human)", "IP3", "sarcoplasmic reticulum calcium (human)"],
    "annotation":["http://purl.obolibrary.org/obo/PR_Q92736", "http://purl.obolibrary.org/obo/CHEBI_16595", "http://purl.obolibrary.org/obo/PR_P16615"]
  },
  "43":{
    "query":"All entities containing Mitochondrial Tricarboxylic Acid Cycle, Oxidative Phosphorylation, and isocitrate dehydrogenase complex",
    "phrase":["mitochondrial tricarboxylic acid cycle", "oxidative phosphorylation", "isocitrate dehydrogenase complex"],
    "annotation":["http://identifiers.org/go/GO:0030062", "http://identifiers.org/go/GO:0006119", "http://identifiers.org/go/GO:0005962"]
  },
  "44":{
    "query":"The calcium state incorporating L-type calcium channel and ryanodine receptor (human)",
    "phrase":["calcium", "L-type calcium channel", "ryanodine receptor (human)"],
    "annotation":["http://identifiers.org/chebi/CHEBI:22984", "http://identifiers.org/go/GO:0008331", "http://purl.obolibrary.org/obo/PR_Q92736"]
  },
  "45":{
    "query":"Concentration of H+ in the tissue fluid",
        "phrase":["concentration", "H+", "tissue fluid"],
    "annotation":["http://identifiers.org/opb/OPB_00340", "http://purl.obolibrary.org/obo/CHEBI_15378", "http://purl.obolibrary.org/obo/FMA_9673"]
  },
  "46":{
    "query":"flux of sodium across apical plasma membrane of the distal convoluted tubule",
    "phrase":["flux", "sodium", "apical plasma membrane", "distal convoluted tubule"],
    "annotation":["http://identifiers.org/opb/OPB_00593", "http://purl.obolibrary.org/obo/CHEBI_29101", "http://purl.obolibrary.org/obo/FMA_84666", "http://purl.obolibrary.org/obo/FMA_17721"]
  },
  "47":{
    "query":"flux of sodium across apical plasma membrane of the proximal convoluted tubule",
    "phrase":["flux", "sodium", "apical plasma membrane", "proximal convoluted tubule"],
    "annotation":["http://identifiers.org/opb/OPB_00593", "http://purl.obolibrary.org/obo/CHEBI_29101", "http://purl.obolibrary.org/obo/FMA_84666", "http://purl.obolibrary.org/obo/FMA_17693"]
  },
  "48":{
    "query":"flux of IP3 receptor through P2Y2 purinoceptor and apical plasma membrane",
    "phrase":["flux", "ip3 receptor", "p2y2 purinoceptor", "apical plasma membrane"],
    "annotation":["http://identifiers.org/opb/OPB_00593","http://purl.obolibrary.org/obo/CHEBI_131186","http://purl.obolibrary.org/obo/PR_P35383","http://purl.obolibrary.org/obo/FMA_84666"]
  },
  "49":{
    "query":"concentration of sodium in the portion of cytosol in epithelial cell of distal tubule",
    "phrase":["concentration", "sodium", "portion of cytosol", "epithelial cell of distal tubule"],
    "annotation":["http://identifiers.org/opb/OPB_00340", "http://purl.obolibrary.org/obo/CHEBI_29101", "http://purl.obolibrary.org/obo/FMA_66836", "http://purl.obolibrary.org/obo/FMA_70981"]
  },
  "50":{
    "query":"sodium concentration in tissue fluid in epithelial cell of distal tubule",
    "phrase":["sodium", "concentration", "tissue fluid", "epithelial cell of distal tubule"],
    "annotation":["http://purl.obolibrary.org/obo/CHEBI_29101", "http://identifiers.org/opb/OPB_00340", "http://purl.obolibrary.org/obo/FMA_9673", "http://purl.obolibrary.org/obo/FMA_70981"]
  },
  "51":{
    "query":"K+ flow through potassium channel complex across apical cell membrane",
    "phrase":["K+", "flow", "potassium channel complex", "apical cell membrane"],
    "annotation":["http://identifiers.org/chebi/CHEBI:29103", "http://identifiers.org/opb/OPB_00593", "http://identifiers.org/go/GO:0034705", "http://purl.obolibrary.org/obo/FMA_84666"]
  }
}
