{"electrical potential difference human":["workspace\/hodgkin_huxley_1952\/rawfile\/HEAD\/hodgkin_huxley_1952_variant01.cellml","workspace\/hodgkin_huxley_1952\/rawfile\/HEAD\/hodgkin_huxley_1952.cellml"],"electrical potential":["workspace\/yamaguchi_takaki_matsubara_yasuhara_suga_1996\/rawfile\/HEAD\/yamaguchi_takaki_matsubara_yasuhara_suga_1996.cellml","workspace\/baylor_hollingworth_chandler_2002\/rawfile\/HEAD\/baylor_hollingworth_chandler_2002_d.cellml","workspace\/marhl_haberichter_brumen_heinrich_2000\/rawfile\/HEAD\/marhl_haberichter_brumen_heinrich_2000.cellml","workspace\/baylor_hollingworth_chandler_2002\/rawfile\/HEAD\/baylor_hollingworth_chandler_2002_b.cellml","workspace\/luo_rudy_1994\/rawfile\/HEAD\/luo_rudy_1994.cellml","workspace\/devries_sherman_2000\/rawfile\/HEAD\/devries_sherman_2000.cellml","workspace\/boyett_zhang_garny_holden_2001\/rawfile\/HEAD\/boyett_zhang_garny_holden_2001.cellml","workspace\/stern_song_sham_yang_boheler_rios_1999\/rawfile\/HEAD\/stern_song_sham_yang_boheler_rios_1999.cellml","workspace\/izakov_katsnelson_blyakhman_markhasin_shkylar_1991\/rawfile\/HEAD\/izakov_katsnelson_blyakhman_markhasin_shkylar_1991.cellml","workspace\/colegrove_albrecht_friel_2000\/rawfile\/HEAD\/colegrove_albrecht_friel_2000.cellml","workspace\/iribe_kohl_noble_2006\/rawfile\/HEAD\/iribe_kohl_noble_2006.cellml","workspace\/dougherty_wright_yew_2005\/rawfile\/HEAD\/dougherty_wright_yew_2005.cellml"],"heart tissue":["workspace\/tentusscher_noble_noble_panfilov_2004\/rawfile\/HEAD\/tentusscher_noble_noble_panfilov_2004_b.cellml","workspace\/tentusscher_noble_noble_panfilov_2004\/rawfile\/HEAD\/tentusscher_noble_noble_panfilov_2004_c.cellml","workspace\/tentusscher_noble_noble_panfilov_2004\/rawfile\/HEAD\/tentusscher_noble_noble_panfilov_2004_a.cellml"],"calmodulin":["workspace\/yamaguchi_takaki_matsubara_yasuhara_suga_1996\/rawfile\/HEAD\/yamaguchi_takaki_matsubara_yasuhara_suga_1996.cellml","workspace\/baylor_hollingworth_chandler_2002\/rawfile\/HEAD\/baylor_hollingworth_chandler_2002_d.cellml","workspace\/marhl_haberichter_brumen_heinrich_2000\/rawfile\/HEAD\/marhl_haberichter_brumen_heinrich_2000.cellml","workspace\/baylor_hollingworth_chandler_2002\/rawfile\/HEAD\/baylor_hollingworth_chandler_2002_b.cellml","workspace\/luo_rudy_1994\/rawfile\/HEAD\/luo_rudy_1994.cellml","workspace\/devries_sherman_2000\/rawfile\/HEAD\/devries_sherman_2000.cellml","workspace\/boyett_zhang_garny_holden_2001\/rawfile\/HEAD\/boyett_zhang_garny_holden_2001.cellml","workspace\/stern_song_sham_yang_boheler_rios_1999\/rawfile\/HEAD\/stern_song_sham_yang_boheler_rios_1999.cellml","workspace\/izakov_katsnelson_blyakhman_markhasin_shkylar_1991\/rawfile\/HEAD\/izakov_katsnelson_blyakhman_markhasin_shkylar_1991.cellml","workspace\/colegrove_albrecht_friel_2000\/rawfile\/HEAD\/colegrove_albrecht_friel_2000.cellml","workspace\/iribe_kohl_noble_2006\/rawfile\/HEAD\/iribe_kohl_noble_2006.cellml","workspace\/dougherty_wright_yew_2005\/rawfile\/HEAD\/dougherty_wright_yew_2005.cellml"],"a synthetic oscillatory network of transcriptional":["workspace\/yamaguchi_takaki_matsubara_yasuhara_suga_1996\/rawfile\/HEAD\/yamaguchi_takaki_matsubara_yasuhara_suga_1996.cellml","workspace\/baylor_hollingworth_chandler_2002\/rawfile\/HEAD\/baylor_hollingworth_chandler_2002_d.cellml","workspace\/marhl_haberichter_brumen_heinrich_2000\/rawfile\/HEAD\/marhl_haberichter_brumen_heinrich_2000.cellml","workspace\/baylor_hollingworth_chandler_2002\/rawfile\/HEAD\/baylor_hollingworth_chandler_2002_b.cellml","workspace\/luo_rudy_1994\/rawfile\/HEAD\/luo_rudy_1994.cellml","workspace\/devries_sherman_2000\/rawfile\/HEAD\/devries_sherman_2000.cellml","workspace\/boyett_zhang_garny_holden_2001\/rawfile\/HEAD\/boyett_zhang_garny_holden_2001.cellml","workspace\/stern_song_sham_yang_boheler_rios_1999\/rawfile\/HEAD\/stern_song_sham_yang_boheler_rios_1999.cellml","workspace\/izakov_katsnelson_blyakhman_markhasin_shkylar_1991\/rawfile\/HEAD\/izakov_katsnelson_blyakhman_markhasin_shkylar_1991.cellml","workspace\/colegrove_albrecht_friel_2000\/rawfile\/HEAD\/colegrove_albrecht_friel_2000.cellml","workspace\/iribe_kohl_noble_2006\/rawfile\/HEAD\/iribe_kohl_noble_2006.cellml","workspace\/dougherty_wright_yew_2005\/rawfile\/HEAD\/dougherty_wright_yew_2005.cellml"],"heart":["workspace\/yamaguchi_takaki_matsubara_yasuhara_suga_1996\/rawfile\/HEAD\/yamaguchi_takaki_matsubara_yasuhara_suga_1996.cellml","workspace\/baylor_hollingworth_chandler_2002\/rawfile\/HEAD\/baylor_hollingworth_chandler_2002_d.cellml","workspace\/marhl_haberichter_brumen_heinrich_2000\/rawfile\/HEAD\/marhl_haberichter_brumen_heinrich_2000.cellml","workspace\/baylor_hollingworth_chandler_2002\/rawfile\/HEAD\/baylor_hollingworth_chandler_2002_b.cellml","workspace\/luo_rudy_1994\/rawfile\/HEAD\/luo_rudy_1994.cellml","workspace\/devries_sherman_2000\/rawfile\/HEAD\/devries_sherman_2000.cellml","workspace\/boyett_zhang_garny_holden_2001\/rawfile\/HEAD\/boyett_zhang_garny_holden_2001.cellml","workspace\/stern_song_sham_yang_boheler_rios_1999\/rawfile\/HEAD\/stern_song_sham_yang_boheler_rios_1999.cellml","workspace\/izakov_katsnelson_blyakhman_markhasin_shkylar_1991\/rawfile\/HEAD\/izakov_katsnelson_blyakhman_markhasin_shkylar_1991.cellml","workspace\/colegrove_albrecht_friel_2000\/rawfile\/HEAD\/colegrove_albrecht_friel_2000.cellml","workspace\/iribe_kohl_noble_2006\/rawfile\/HEAD\/iribe_kohl_noble_2006.cellml","workspace\/dougherty_wright_yew_2005\/rawfile\/HEAD\/dougherty_wright_yew_2005.cellml"],"ion":["workspace\/jafri_rice_winslow_1998\/rawfile\/HEAD\/jafri_rice_winslow_1998_b.cellml","workspace\/michailova_mcculloch_2001\/rawfile\/HEAD\/michailova_mcculloch_2001.cellml","workspace\/winslow_rice_jafri_marban_ororke_1999\/rawfile\/HEAD\/winslow_rice_jafri_marban_ororke_1999.cellml","workspace\/jafri_rice_winslow_1998\/rawfile\/HEAD\/jafri_rice_winslow_1998_a.cellml"],"minimal haemodynamic system model including ventricular interaction and valve dynamics":["workspace\/yamaguchi_takaki_matsubara_yasuhara_suga_1996\/rawfile\/HEAD\/yamaguchi_takaki_matsubara_yasuhara_suga_1996.cellml","workspace\/baylor_hollingworth_chandler_2002\/rawfile\/HEAD\/baylor_hollingworth_chandler_2002_d.cellml","workspace\/marhl_haberichter_brumen_heinrich_2000\/rawfile\/HEAD\/marhl_haberichter_brumen_heinrich_2000.cellml","workspace\/baylor_hollingworth_chandler_2002\/rawfile\/HEAD\/baylor_hollingworth_chandler_2002_b.cellml","workspace\/luo_rudy_1994\/rawfile\/HEAD\/luo_rudy_1994.cellml","workspace\/devries_sherman_2000\/rawfile\/HEAD\/devries_sherman_2000.cellml","workspace\/boyett_zhang_garny_holden_2001\/rawfile\/HEAD\/boyett_zhang_garny_holden_2001.cellml","workspace\/stern_song_sham_yang_boheler_rios_1999\/rawfile\/HEAD\/stern_song_sham_yang_boheler_rios_1999.cellml","workspace\/izakov_katsnelson_blyakhman_markhasin_shkylar_1991\/rawfile\/HEAD\/izakov_katsnelson_blyakhman_markhasin_shkylar_1991.cellml","workspace\/colegrove_albrecht_friel_2000\/rawfile\/HEAD\/colegrove_albrecht_friel_2000.cellml","workspace\/iribe_kohl_noble_2006\/rawfile\/HEAD\/iribe_kohl_noble_2006.cellml","workspace\/dougherty_wright_yew_2005\/rawfile\/HEAD\/dougherty_wright_yew_2005.cellml"],"diffusion":["workspace\/keener_2001\/rawfile\/HEAD\/keener_2001.cellml"],"calmodulin mediates differential sensitivity of camkii and calcineurin to local":["workspace\/yamaguchi_takaki_matsubara_yasuhara_suga_1996\/rawfile\/HEAD\/yamaguchi_takaki_matsubara_yasuhara_suga_1996.cellml","workspace\/baylor_hollingworth_chandler_2002\/rawfile\/HEAD\/baylor_hollingworth_chandler_2002_d.cellml","workspace\/marhl_haberichter_brumen_heinrich_2000\/rawfile\/HEAD\/marhl_haberichter_brumen_heinrich_2000.cellml","workspace\/baylor_hollingworth_chandler_2002\/rawfile\/HEAD\/baylor_hollingworth_chandler_2002_b.cellml","workspace\/luo_rudy_1994\/rawfile\/HEAD\/luo_rudy_1994.cellml","workspace\/devries_sherman_2000\/rawfile\/HEAD\/devries_sherman_2000.cellml","workspace\/boyett_zhang_garny_holden_2001\/rawfile\/HEAD\/boyett_zhang_garny_holden_2001.cellml","workspace\/stern_song_sham_yang_boheler_rios_1999\/rawfile\/HEAD\/stern_song_sham_yang_boheler_rios_1999.cellml","workspace\/izakov_katsnelson_blyakhman_markhasin_shkylar_1991\/rawfile\/HEAD\/izakov_katsnelson_blyakhman_markhasin_shkylar_1991.cellml","workspace\/colegrove_albrecht_friel_2000\/rawfile\/HEAD\/colegrove_albrecht_friel_2000.cellml","workspace\/iribe_kohl_noble_2006\/rawfile\/HEAD\/iribe_kohl_noble_2006.cellml","workspace\/dougherty_wright_yew_2005\/rawfile\/HEAD\/dougherty_wright_yew_2005.cellml"],"a mathematical treatment of integrated ca dynamics within the ventricular myocyte":["workspace\/shannon_wang_puglisi_weber_bers_2004\/rawfile\/HEAD\/shannon_wang_puglisi_weber_bers_2004_b.cellml","workspace\/shannon_wang_puglisi_weber_bers_2004\/rawfile\/HEAD\/shannon_wang_puglisi_weber_bers_2004_a.cellml"],"human atrial":["workspace\/yamaguchi_takaki_matsubara_yasuhara_suga_1996\/rawfile\/HEAD\/yamaguchi_takaki_matsubara_yasuhara_suga_1996.cellml","workspace\/baylor_hollingworth_chandler_2002\/rawfile\/HEAD\/baylor_hollingworth_chandler_2002_d.cellml","workspace\/marhl_haberichter_brumen_heinrich_2000\/rawfile\/HEAD\/marhl_haberichter_brumen_heinrich_2000.cellml","workspace\/baylor_hollingworth_chandler_2002\/rawfile\/HEAD\/baylor_hollingworth_chandler_2002_b.cellml","workspace\/luo_rudy_1994\/rawfile\/HEAD\/luo_rudy_1994.cellml","workspace\/devries_sherman_2000\/rawfile\/HEAD\/devries_sherman_2000.cellml","workspace\/boyett_zhang_garny_holden_2001\/rawfile\/HEAD\/boyett_zhang_garny_holden_2001.cellml","workspace\/stern_song_sham_yang_boheler_rios_1999\/rawfile\/HEAD\/stern_song_sham_yang_boheler_rios_1999.cellml","workspace\/izakov_katsnelson_blyakhman_markhasin_shkylar_1991\/rawfile\/HEAD\/izakov_katsnelson_blyakhman_markhasin_shkylar_1991.cellml","workspace\/colegrove_albrecht_friel_2000\/rawfile\/HEAD\/colegrove_albrecht_friel_2000.cellml","workspace\/iribe_kohl_noble_2006\/rawfile\/HEAD\/iribe_kohl_noble_2006.cellml","workspace\/dougherty_wright_yew_2005\/rawfile\/HEAD\/dougherty_wright_yew_2005.cellml"],"thomas r. shannon":["workspace\/shannon_wang_puglisi_weber_bers_2004\/rawfile\/HEAD\/shannon_wang_puglisi_weber_bers_2004_b.cellml","workspace\/shannon_wang_puglisi_weber_bers_2004\/rawfile\/HEAD\/shannon_wang_puglisi_weber_bers_2004_a.cellml"],"atrial fibrillation":["workspace\/yamaguchi_takaki_matsubara_yasuhara_suga_1996\/rawfile\/HEAD\/yamaguchi_takaki_matsubara_yasuhara_suga_1996.cellml","workspace\/baylor_hollingworth_chandler_2002\/rawfile\/HEAD\/baylor_hollingworth_chandler_2002_d.cellml","workspace\/marhl_haberichter_brumen_heinrich_2000\/rawfile\/HEAD\/marhl_haberichter_brumen_heinrich_2000.cellml","workspace\/baylor_hollingworth_chandler_2002\/rawfile\/HEAD\/baylor_hollingworth_chandler_2002_b.cellml","workspace\/luo_rudy_1994\/rawfile\/HEAD\/luo_rudy_1994.cellml","workspace\/devries_sherman_2000\/rawfile\/HEAD\/devries_sherman_2000.cellml","workspace\/boyett_zhang_garny_holden_2001\/rawfile\/HEAD\/boyett_zhang_garny_holden_2001.cellml","workspace\/stern_song_sham_yang_boheler_rios_1999\/rawfile\/HEAD\/stern_song_sham_yang_boheler_rios_1999.cellml","workspace\/izakov_katsnelson_blyakhman_markhasin_shkylar_1991\/rawfile\/HEAD\/izakov_katsnelson_blyakhman_markhasin_shkylar_1991.cellml","workspace\/colegrove_albrecht_friel_2000\/rawfile\/HEAD\/colegrove_albrecht_friel_2000.cellml","workspace\/iribe_kohl_noble_2006\/rawfile\/HEAD\/iribe_kohl_noble_2006.cellml","workspace\/dougherty_wright_yew_2005\/rawfile\/HEAD\/dougherty_wright_yew_2005.cellml"],"nhe3":["workspace\/267\/rawfile\/HEAD\/weinstein_1995.cellml","workspace\/267\/rawfile\/HEAD\/weinstein_1995-mouse.cellml","workspace\/267\/rawfile\/HEAD\/weinstein_1995-rabbit.cellml","workspace\/267\/rawfile\/HEAD\/SEDML\/weinstein_1995\/weinstein_1995.cellml"],"caffeine concentration model":["workspace\/yamaguchi_takaki_matsubara_yasuhara_suga_1996\/rawfile\/HEAD\/yamaguchi_takaki_matsubara_yasuhara_suga_1996.cellml","workspace\/baylor_hollingworth_chandler_2002\/rawfile\/HEAD\/baylor_hollingworth_chandler_2002_d.cellml","workspace\/marhl_haberichter_brumen_heinrich_2000\/rawfile\/HEAD\/marhl_haberichter_brumen_heinrich_2000.cellml","workspace\/baylor_hollingworth_chandler_2002\/rawfile\/HEAD\/baylor_hollingworth_chandler_2002_b.cellml","workspace\/luo_rudy_1994\/rawfile\/HEAD\/luo_rudy_1994.cellml","workspace\/devries_sherman_2000\/rawfile\/HEAD\/devries_sherman_2000.cellml","workspace\/boyett_zhang_garny_holden_2001\/rawfile\/HEAD\/boyett_zhang_garny_holden_2001.cellml","workspace\/stern_song_sham_yang_boheler_rios_1999\/rawfile\/HEAD\/stern_song_sham_yang_boheler_rios_1999.cellml","workspace\/izakov_katsnelson_blyakhman_markhasin_shkylar_1991\/rawfile\/HEAD\/izakov_katsnelson_blyakhman_markhasin_shkylar_1991.cellml","workspace\/colegrove_albrecht_friel_2000\/rawfile\/HEAD\/colegrove_albrecht_friel_2000.cellml","workspace\/iribe_kohl_noble_2006\/rawfile\/HEAD\/iribe_kohl_noble_2006.cellml","workspace\/dougherty_wright_yew_2005\/rawfile\/HEAD\/dougherty_wright_yew_2005.cellml"],"gap junctions":["workspace\/bindschadler_sneyd_2001\/rawfile\/HEAD\/bindschadler_sneyd_2001.cellml","workspace\/267\/rawfile\/HEAD\/bindschadler_sneyd_2001.cellml"],"gap junction":["workspace\/yamaguchi_takaki_matsubara_yasuhara_suga_1996\/rawfile\/HEAD\/yamaguchi_takaki_matsubara_yasuhara_suga_1996.cellml","workspace\/baylor_hollingworth_chandler_2002\/rawfile\/HEAD\/baylor_hollingworth_chandler_2002_d.cellml","workspace\/marhl_haberichter_brumen_heinrich_2000\/rawfile\/HEAD\/marhl_haberichter_brumen_heinrich_2000.cellml","workspace\/baylor_hollingworth_chandler_2002\/rawfile\/HEAD\/baylor_hollingworth_chandler_2002_b.cellml","workspace\/luo_rudy_1994\/rawfile\/HEAD\/luo_rudy_1994.cellml","workspace\/devries_sherman_2000\/rawfile\/HEAD\/devries_sherman_2000.cellml","workspace\/boyett_zhang_garny_holden_2001\/rawfile\/HEAD\/boyett_zhang_garny_holden_2001.cellml","workspace\/stern_song_sham_yang_boheler_rios_1999\/rawfile\/HEAD\/stern_song_sham_yang_boheler_rios_1999.cellml","workspace\/izakov_katsnelson_blyakhman_markhasin_shkylar_1991\/rawfile\/HEAD\/izakov_katsnelson_blyakhman_markhasin_shkylar_1991.cellml","workspace\/colegrove_albrecht_friel_2000\/rawfile\/HEAD\/colegrove_albrecht_friel_2000.cellml","workspace\/iribe_kohl_noble_2006\/rawfile\/HEAD\/iribe_kohl_noble_2006.cellml","workspace\/dougherty_wright_yew_2005\/rawfile\/HEAD\/dougherty_wright_yew_2005.cellml"],"a novel computational model of the human ventricular action potential and ca transient":["workspace\/yamaguchi_takaki_matsubara_yasuhara_suga_1996\/rawfile\/HEAD\/yamaguchi_takaki_matsubara_yasuhara_suga_1996.cellml","workspace\/baylor_hollingworth_chandler_2002\/rawfile\/HEAD\/baylor_hollingworth_chandler_2002_d.cellml","workspace\/marhl_haberichter_brumen_heinrich_2000\/rawfile\/HEAD\/marhl_haberichter_brumen_heinrich_2000.cellml","workspace\/baylor_hollingworth_chandler_2002\/rawfile\/HEAD\/baylor_hollingworth_chandler_2002_b.cellml","workspace\/luo_rudy_1994\/rawfile\/HEAD\/luo_rudy_1994.cellml","workspace\/devries_sherman_2000\/rawfile\/HEAD\/devries_sherman_2000.cellml","workspace\/boyett_zhang_garny_holden_2001\/rawfile\/HEAD\/boyett_zhang_garny_holden_2001.cellml","workspace\/stern_song_sham_yang_boheler_rios_1999\/rawfile\/HEAD\/stern_song_sham_yang_boheler_rios_1999.cellml","workspace\/izakov_katsnelson_blyakhman_markhasin_shkylar_1991\/rawfile\/HEAD\/izakov_katsnelson_blyakhman_markhasin_shkylar_1991.cellml","workspace\/colegrove_albrecht_friel_2000\/rawfile\/HEAD\/colegrove_albrecht_friel_2000.cellml","workspace\/iribe_kohl_noble_2006\/rawfile\/HEAD\/iribe_kohl_noble_2006.cellml","workspace\/dougherty_wright_yew_2005\/rawfile\/HEAD\/dougherty_wright_yew_2005.cellml"],"a model for human ventricular tissue":["workspace\/tentusscher_noble_noble_panfilov_2004\/rawfile\/HEAD\/tentusscher_noble_noble_panfilov_2004_b.cellml","workspace\/tentusscher_noble_noble_panfilov_2004\/rawfile\/HEAD\/tentusscher_noble_noble_panfilov_2004_c.cellml","workspace\/tentusscher_noble_noble_panfilov_2004\/rawfile\/HEAD\/tentusscher_noble_noble_panfilov_2004_a.cellml"],"a model of the ventricular cardiac action potential: depolarization, repolarization, and their interaction":["workspace\/luo_rudy_1991\/rawfile\/HEAD\/luo_rudy_1991.cellml"],"cardiomyocyte":["workspace\/yamaguchi_takaki_matsubara_yasuhara_suga_1996\/rawfile\/HEAD\/yamaguchi_takaki_matsubara_yasuhara_suga_1996.cellml","workspace\/baylor_hollingworth_chandler_2002\/rawfile\/HEAD\/baylor_hollingworth_chandler_2002_d.cellml","workspace\/marhl_haberichter_brumen_heinrich_2000\/rawfile\/HEAD\/marhl_haberichter_brumen_heinrich_2000.cellml","workspace\/baylor_hollingworth_chandler_2002\/rawfile\/HEAD\/baylor_hollingworth_chandler_2002_b.cellml","workspace\/luo_rudy_1994\/rawfile\/HEAD\/luo_rudy_1994.cellml","workspace\/devries_sherman_2000\/rawfile\/HEAD\/devries_sherman_2000.cellml","workspace\/boyett_zhang_garny_holden_2001\/rawfile\/HEAD\/boyett_zhang_garny_holden_2001.cellml","workspace\/stern_song_sham_yang_boheler_rios_1999\/rawfile\/HEAD\/stern_song_sham_yang_boheler_rios_1999.cellml","workspace\/izakov_katsnelson_blyakhman_markhasin_shkylar_1991\/rawfile\/HEAD\/izakov_katsnelson_blyakhman_markhasin_shkylar_1991.cellml","workspace\/colegrove_albrecht_friel_2000\/rawfile\/HEAD\/colegrove_albrecht_friel_2000.cellml","workspace\/iribe_kohl_noble_2006\/rawfile\/HEAD\/iribe_kohl_noble_2006.cellml","workspace\/dougherty_wright_yew_2005\/rawfile\/HEAD\/dougherty_wright_yew_2005.cellml"],"a mathematical model of plasma membrane electrophysiology and calcium dynamics in vascular endothelial cells python model":["workspace\/yamaguchi_takaki_matsubara_yasuhara_suga_1996\/rawfile\/HEAD\/yamaguchi_takaki_matsubara_yasuhara_suga_1996.cellml","workspace\/baylor_hollingworth_chandler_2002\/rawfile\/HEAD\/baylor_hollingworth_chandler_2002_d.cellml","workspace\/marhl_haberichter_brumen_heinrich_2000\/rawfile\/HEAD\/marhl_haberichter_brumen_heinrich_2000.cellml","workspace\/baylor_hollingworth_chandler_2002\/rawfile\/HEAD\/baylor_hollingworth_chandler_2002_b.cellml","workspace\/luo_rudy_1994\/rawfile\/HEAD\/luo_rudy_1994.cellml","workspace\/devries_sherman_2000\/rawfile\/HEAD\/devries_sherman_2000.cellml","workspace\/boyett_zhang_garny_holden_2001\/rawfile\/HEAD\/boyett_zhang_garny_holden_2001.cellml","workspace\/stern_song_sham_yang_boheler_rios_1999\/rawfile\/HEAD\/stern_song_sham_yang_boheler_rios_1999.cellml","workspace\/izakov_katsnelson_blyakhman_markhasin_shkylar_1991\/rawfile\/HEAD\/izakov_katsnelson_blyakhman_markhasin_shkylar_1991.cellml","workspace\/colegrove_albrecht_friel_2000\/rawfile\/HEAD\/colegrove_albrecht_friel_2000.cellml","workspace\/iribe_kohl_noble_2006\/rawfile\/HEAD\/iribe_kohl_noble_2006.cellml","workspace\/dougherty_wright_yew_2005\/rawfile\/HEAD\/dougherty_wright_yew_2005.cellml"],"cell cycle":["workspace\/yamaguchi_takaki_matsubara_yasuhara_suga_1996\/rawfile\/HEAD\/yamaguchi_takaki_matsubara_yasuhara_suga_1996.cellml","workspace\/baylor_hollingworth_chandler_2002\/rawfile\/HEAD\/baylor_hollingworth_chandler_2002_d.cellml","workspace\/marhl_haberichter_brumen_heinrich_2000\/rawfile\/HEAD\/marhl_haberichter_brumen_heinrich_2000.cellml","workspace\/baylor_hollingworth_chandler_2002\/rawfile\/HEAD\/baylor_hollingworth_chandler_2002_b.cellml","workspace\/luo_rudy_1994\/rawfile\/HEAD\/luo_rudy_1994.cellml","workspace\/devries_sherman_2000\/rawfile\/HEAD\/devries_sherman_2000.cellml","workspace\/boyett_zhang_garny_holden_2001\/rawfile\/HEAD\/boyett_zhang_garny_holden_2001.cellml","workspace\/stern_song_sham_yang_boheler_rios_1999\/rawfile\/HEAD\/stern_song_sham_yang_boheler_rios_1999.cellml","workspace\/izakov_katsnelson_blyakhman_markhasin_shkylar_1991\/rawfile\/HEAD\/izakov_katsnelson_blyakhman_markhasin_shkylar_1991.cellml","workspace\/colegrove_albrecht_friel_2000\/rawfile\/HEAD\/colegrove_albrecht_friel_2000.cellml","workspace\/iribe_kohl_noble_2006\/rawfile\/HEAD\/iribe_kohl_noble_2006.cellml","workspace\/dougherty_wright_yew_2005\/rawfile\/HEAD\/dougherty_wright_yew_2005.cellml"],"using physiome standards to couple cellular functions for rat cardiac excitation-contraction":["workspace\/terkildsen_niederer_crampin_hunter_smith_2008\/rawfile\/HEAD\/Pandit_Hinch_Niederer.cellml"],"rat   gattoni":["workspace\/terkildsen_niederer_crampin_hunter_smith_2008\/rawfile\/HEAD\/Pandit_Hinch_Niederer.cellml"],"action potential":["workspace\/yamaguchi_takaki_matsubara_yasuhara_suga_1996\/rawfile\/HEAD\/yamaguchi_takaki_matsubara_yasuhara_suga_1996.cellml","workspace\/baylor_hollingworth_chandler_2002\/rawfile\/HEAD\/baylor_hollingworth_chandler_2002_d.cellml","workspace\/marhl_haberichter_brumen_heinrich_2000\/rawfile\/HEAD\/marhl_haberichter_brumen_heinrich_2000.cellml","workspace\/baylor_hollingworth_chandler_2002\/rawfile\/HEAD\/baylor_hollingworth_chandler_2002_b.cellml","workspace\/luo_rudy_1991\/rawfile\/HEAD\/luo_rudy_1991.cellml","workspace\/luo_rudy_1994\/rawfile\/HEAD\/luo_rudy_1994.cellml","workspace\/devries_sherman_2000\/rawfile\/HEAD\/devries_sherman_2000.cellml","workspace\/boyett_zhang_garny_holden_2001\/rawfile\/HEAD\/boyett_zhang_garny_holden_2001.cellml","workspace\/stern_song_sham_yang_boheler_rios_1999\/rawfile\/HEAD\/stern_song_sham_yang_boheler_rios_1999.cellml","workspace\/izakov_katsnelson_blyakhman_markhasin_shkylar_1991\/rawfile\/HEAD\/izakov_katsnelson_blyakhman_markhasin_shkylar_1991.cellml","workspace\/colegrove_albrecht_friel_2000\/rawfile\/HEAD\/colegrove_albrecht_friel_2000.cellml","workspace\/iribe_kohl_noble_2006\/rawfile\/HEAD\/iribe_kohl_noble_2006.cellml","workspace\/dougherty_wright_yew_2005\/rawfile\/HEAD\/dougherty_wright_yew_2005.cellml"],"human fibroblast":["workspace\/yamaguchi_takaki_matsubara_yasuhara_suga_1996\/rawfile\/HEAD\/yamaguchi_takaki_matsubara_yasuhara_suga_1996.cellml","workspace\/baylor_hollingworth_chandler_2002\/rawfile\/HEAD\/baylor_hollingworth_chandler_2002_d.cellml","workspace\/marhl_haberichter_brumen_heinrich_2000\/rawfile\/HEAD\/marhl_haberichter_brumen_heinrich_2000.cellml","workspace\/baylor_hollingworth_chandler_2002\/rawfile\/HEAD\/baylor_hollingworth_chandler_2002_b.cellml","workspace\/luo_rudy_1994\/rawfile\/HEAD\/luo_rudy_1994.cellml","workspace\/devries_sherman_2000\/rawfile\/HEAD\/devries_sherman_2000.cellml","workspace\/boyett_zhang_garny_holden_2001\/rawfile\/HEAD\/boyett_zhang_garny_holden_2001.cellml","workspace\/stern_song_sham_yang_boheler_rios_1999\/rawfile\/HEAD\/stern_song_sham_yang_boheler_rios_1999.cellml","workspace\/izakov_katsnelson_blyakhman_markhasin_shkylar_1991\/rawfile\/HEAD\/izakov_katsnelson_blyakhman_markhasin_shkylar_1991.cellml","workspace\/colegrove_albrecht_friel_2000\/rawfile\/HEAD\/colegrove_albrecht_friel_2000.cellml","workspace\/iribe_kohl_noble_2006\/rawfile\/HEAD\/iribe_kohl_noble_2006.cellml","workspace\/dougherty_wright_yew_2005\/rawfile\/HEAD\/dougherty_wright_yew_2005.cellml"],"minimal hemodynamics heart":["workspace\/yamaguchi_takaki_matsubara_yasuhara_suga_1996\/rawfile\/HEAD\/yamaguchi_takaki_matsubara_yasuhara_suga_1996.cellml","workspace\/baylor_hollingworth_chandler_2002\/rawfile\/HEAD\/baylor_hollingworth_chandler_2002_d.cellml","workspace\/marhl_haberichter_brumen_heinrich_2000\/rawfile\/HEAD\/marhl_haberichter_brumen_heinrich_2000.cellml","workspace\/baylor_hollingworth_chandler_2002\/rawfile\/HEAD\/baylor_hollingworth_chandler_2002_b.cellml","workspace\/luo_rudy_1994\/rawfile\/HEAD\/luo_rudy_1994.cellml","workspace\/devries_sherman_2000\/rawfile\/HEAD\/devries_sherman_2000.cellml","workspace\/boyett_zhang_garny_holden_2001\/rawfile\/HEAD\/boyett_zhang_garny_holden_2001.cellml","workspace\/stern_song_sham_yang_boheler_rios_1999\/rawfile\/HEAD\/stern_song_sham_yang_boheler_rios_1999.cellml","workspace\/izakov_katsnelson_blyakhman_markhasin_shkylar_1991\/rawfile\/HEAD\/izakov_katsnelson_blyakhman_markhasin_shkylar_1991.cellml","workspace\/colegrove_albrecht_friel_2000\/rawfile\/HEAD\/colegrove_albrecht_friel_2000.cellml","workspace\/iribe_kohl_noble_2006\/rawfile\/HEAD\/iribe_kohl_noble_2006.cellml","workspace\/dougherty_wright_yew_2005\/rawfile\/HEAD\/dougherty_wright_yew_2005.cellml"],"di francesco-noble":["workspace\/difrancesco_noble_1985\/rawfile\/HEAD\/difrancesco_noble_1985.cellml"],"smith, crampin":["workspace\/yamaguchi_takaki_matsubara_yasuhara_suga_1996\/rawfile\/HEAD\/yamaguchi_takaki_matsubara_yasuhara_suga_1996.cellml","workspace\/baylor_hollingworth_chandler_2002\/rawfile\/HEAD\/baylor_hollingworth_chandler_2002_d.cellml","workspace\/marhl_haberichter_brumen_heinrich_2000\/rawfile\/HEAD\/marhl_haberichter_brumen_heinrich_2000.cellml","workspace\/baylor_hollingworth_chandler_2002\/rawfile\/HEAD\/baylor_hollingworth_chandler_2002_b.cellml","workspace\/luo_rudy_1994\/rawfile\/HEAD\/luo_rudy_1994.cellml","workspace\/devries_sherman_2000\/rawfile\/HEAD\/devries_sherman_2000.cellml","workspace\/boyett_zhang_garny_holden_2001\/rawfile\/HEAD\/boyett_zhang_garny_holden_2001.cellml","workspace\/stern_song_sham_yang_boheler_rios_1999\/rawfile\/HEAD\/stern_song_sham_yang_boheler_rios_1999.cellml","workspace\/izakov_katsnelson_blyakhman_markhasin_shkylar_1991\/rawfile\/HEAD\/izakov_katsnelson_blyakhman_markhasin_shkylar_1991.cellml","workspace\/colegrove_albrecht_friel_2000\/rawfile\/HEAD\/colegrove_albrecht_friel_2000.cellml","workspace\/iribe_kohl_noble_2006\/rawfile\/HEAD\/iribe_kohl_noble_2006.cellml","workspace\/dougherty_wright_yew_2005\/rawfile\/HEAD\/dougherty_wright_yew_2005.cellml"],"modeling the effects of caffeine on blood pressure":["workspace\/yamaguchi_takaki_matsubara_yasuhara_suga_1996\/rawfile\/HEAD\/yamaguchi_takaki_matsubara_yasuhara_suga_1996.cellml","workspace\/baylor_hollingworth_chandler_2002\/rawfile\/HEAD\/baylor_hollingworth_chandler_2002_d.cellml","workspace\/marhl_haberichter_brumen_heinrich_2000\/rawfile\/HEAD\/marhl_haberichter_brumen_heinrich_2000.cellml","workspace\/baylor_hollingworth_chandler_2002\/rawfile\/HEAD\/baylor_hollingworth_chandler_2002_b.cellml","workspace\/luo_rudy_1994\/rawfile\/HEAD\/luo_rudy_1994.cellml","workspace\/devries_sherman_2000\/rawfile\/HEAD\/devries_sherman_2000.cellml","workspace\/boyett_zhang_garny_holden_2001\/rawfile\/HEAD\/boyett_zhang_garny_holden_2001.cellml","workspace\/stern_song_sham_yang_boheler_rios_1999\/rawfile\/HEAD\/stern_song_sham_yang_boheler_rios_1999.cellml","workspace\/izakov_katsnelson_blyakhman_markhasin_shkylar_1991\/rawfile\/HEAD\/izakov_katsnelson_blyakhman_markhasin_shkylar_1991.cellml","workspace\/colegrove_albrecht_friel_2000\/rawfile\/HEAD\/colegrove_albrecht_friel_2000.cellml","workspace\/iribe_kohl_noble_2006\/rawfile\/HEAD\/iribe_kohl_noble_2006.cellml","workspace\/dougherty_wright_yew_2005\/rawfile\/HEAD\/dougherty_wright_yew_2005.cellml"],"cardiac*":["workspace\/yamaguchi_takaki_matsubara_yasuhara_suga_1996\/rawfile\/HEAD\/yamaguchi_takaki_matsubara_yasuhara_suga_1996.cellml","workspace\/baylor_hollingworth_chandler_2002\/rawfile\/HEAD\/baylor_hollingworth_chandler_2002_d.cellml","workspace\/marhl_haberichter_brumen_heinrich_2000\/rawfile\/HEAD\/marhl_haberichter_brumen_heinrich_2000.cellml","workspace\/baylor_hollingworth_chandler_2002\/rawfile\/HEAD\/baylor_hollingworth_chandler_2002_b.cellml","workspace\/luo_rudy_1994\/rawfile\/HEAD\/luo_rudy_1994.cellml","workspace\/devries_sherman_2000\/rawfile\/HEAD\/devries_sherman_2000.cellml","workspace\/boyett_zhang_garny_holden_2001\/rawfile\/HEAD\/boyett_zhang_garny_holden_2001.cellml","workspace\/stern_song_sham_yang_boheler_rios_1999\/rawfile\/HEAD\/stern_song_sham_yang_boheler_rios_1999.cellml","workspace\/izakov_katsnelson_blyakhman_markhasin_shkylar_1991\/rawfile\/HEAD\/izakov_katsnelson_blyakhman_markhasin_shkylar_1991.cellml","workspace\/colegrove_albrecht_friel_2000\/rawfile\/HEAD\/colegrove_albrecht_friel_2000.cellml","workspace\/iribe_kohl_noble_2006\/rawfile\/HEAD\/iribe_kohl_noble_2006.cellml","workspace\/dougherty_wright_yew_2005\/rawfile\/HEAD\/dougherty_wright_yew_2005.cellml"],"insulin":["workspace\/yamaguchi_takaki_matsubara_yasuhara_suga_1996\/rawfile\/HEAD\/yamaguchi_takaki_matsubara_yasuhara_suga_1996.cellml","workspace\/570\/rawfile\/HEAD\/bertram_satin_pedersen_luciani_sherman_2007.cellml","workspace\/baylor_hollingworth_chandler_2002\/rawfile\/HEAD\/baylor_hollingworth_chandler_2002_d.cellml","workspace\/marhl_haberichter_brumen_heinrich_2000\/rawfile\/HEAD\/marhl_haberichter_brumen_heinrich_2000.cellml","workspace\/gall_susa_1999\/rawfile\/HEAD\/gall_susa_1999_b.cellml","workspace\/baylor_hollingworth_chandler_2002\/rawfile\/HEAD\/baylor_hollingworth_chandler_2002_b.cellml","workspace\/luo_rudy_1994\/rawfile\/HEAD\/luo_rudy_1994.cellml","workspace\/devries_sherman_2000\/rawfile\/HEAD\/devries_sherman_2000.cellml","workspace\/boyett_zhang_garny_holden_2001\/rawfile\/HEAD\/boyett_zhang_garny_holden_2001.cellml","workspace\/keener_2001\/rawfile\/HEAD\/keener_2001.cellml","workspace\/stern_song_sham_yang_boheler_rios_1999\/rawfile\/HEAD\/stern_song_sham_yang_boheler_rios_1999.cellml","workspace\/gall_susa_1999\/rawfile\/HEAD\/gall_susa_1999_a.cellml","workspace\/izakov_katsnelson_blyakhman_markhasin_shkylar_1991\/rawfile\/HEAD\/izakov_katsnelson_blyakhman_markhasin_shkylar_1991.cellml","workspace\/magnus_keizer_1998\/rawfile\/HEAD\/magnus_keizer_1998.cellml","workspace\/goforth_bertram_khan_zhang_sherman_satin_2002\/rawfile\/HEAD\/goforth_bertram_khan_zhang_sherman_satin_2002.cellml","workspace\/chay_1997\/rawfile\/HEAD\/chay_1997.cellml","workspace\/colegrove_albrecht_friel_2000\/rawfile\/HEAD\/colegrove_albrecht_friel_2000.cellml","workspace\/gall_susa_1999\/rawfile\/HEAD\/gall_susa_1999_c.cellml","workspace\/iribe_kohl_noble_2006\/rawfile\/HEAD\/iribe_kohl_noble_2006.cellml","workspace\/dougherty_wright_yew_2005\/rawfile\/HEAD\/dougherty_wright_yew_2005.cellml"],"beta cell":["workspace\/bertram_previte_sherman_kinard_satin_2000\/rawfile\/HEAD\/bertram_previte_sherman_kinard_satin_2000_slow.cellml","workspace\/bertram_previte_sherman_kinard_satin_2000\/rawfile\/HEAD\/bertram_previte_sherman_kinard_satin_2000_medium.cellml","workspace\/bertram_previte_sherman_kinard_satin_2000\/rawfile\/HEAD\/bertram_previte_sherman_kinard_satin_2000_fast.cellml"],"camkii":["workspace\/yamaguchi_takaki_matsubara_yasuhara_suga_1996\/rawfile\/HEAD\/yamaguchi_takaki_matsubara_yasuhara_suga_1996.cellml","workspace\/baylor_hollingworth_chandler_2002\/rawfile\/HEAD\/baylor_hollingworth_chandler_2002_d.cellml","workspace\/marhl_haberichter_brumen_heinrich_2000\/rawfile\/HEAD\/marhl_haberichter_brumen_heinrich_2000.cellml","workspace\/baylor_hollingworth_chandler_2002\/rawfile\/HEAD\/baylor_hollingworth_chandler_2002_b.cellml","workspace\/luo_rudy_1994\/rawfile\/HEAD\/luo_rudy_1994.cellml","workspace\/devries_sherman_2000\/rawfile\/HEAD\/devries_sherman_2000.cellml","workspace\/boyett_zhang_garny_holden_2001\/rawfile\/HEAD\/boyett_zhang_garny_holden_2001.cellml","workspace\/stern_song_sham_yang_boheler_rios_1999\/rawfile\/HEAD\/stern_song_sham_yang_boheler_rios_1999.cellml","workspace\/izakov_katsnelson_blyakhman_markhasin_shkylar_1991\/rawfile\/HEAD\/izakov_katsnelson_blyakhman_markhasin_shkylar_1991.cellml","workspace\/colegrove_albrecht_friel_2000\/rawfile\/HEAD\/colegrove_albrecht_friel_2000.cellml","workspace\/iribe_kohl_noble_2006\/rawfile\/HEAD\/iribe_kohl_noble_2006.cellml","workspace\/dougherty_wright_yew_2005\/rawfile\/HEAD\/dougherty_wright_yew_2005.cellml"],"frog intact muscle":["workspace\/baylor_hollingworth_chandler_2002\/rawfile\/HEAD\/baylor_hollingworth_chandler_2002_f.cellml"],"christopher data-driven computer":["workspace\/yamaguchi_takaki_matsubara_yasuhara_suga_1996\/rawfile\/HEAD\/yamaguchi_takaki_matsubara_yasuhara_suga_1996.cellml","workspace\/baylor_hollingworth_chandler_2002\/rawfile\/HEAD\/baylor_hollingworth_chandler_2002_d.cellml","workspace\/marhl_haberichter_brumen_heinrich_2000\/rawfile\/HEAD\/marhl_haberichter_brumen_heinrich_2000.cellml","workspace\/baylor_hollingworth_chandler_2002\/rawfile\/HEAD\/baylor_hollingworth_chandler_2002_b.cellml","workspace\/luo_rudy_1994\/rawfile\/HEAD\/luo_rudy_1994.cellml","workspace\/devries_sherman_2000\/rawfile\/HEAD\/devries_sherman_2000.cellml","workspace\/boyett_zhang_garny_holden_2001\/rawfile\/HEAD\/boyett_zhang_garny_holden_2001.cellml","workspace\/stern_song_sham_yang_boheler_rios_1999\/rawfile\/HEAD\/stern_song_sham_yang_boheler_rios_1999.cellml","workspace\/izakov_katsnelson_blyakhman_markhasin_shkylar_1991\/rawfile\/HEAD\/izakov_katsnelson_blyakhman_markhasin_shkylar_1991.cellml","workspace\/colegrove_albrecht_friel_2000\/rawfile\/HEAD\/colegrove_albrecht_friel_2000.cellml","workspace\/iribe_kohl_noble_2006\/rawfile\/HEAD\/iribe_kohl_noble_2006.cellml","workspace\/dougherty_wright_yew_2005\/rawfile\/HEAD\/dougherty_wright_yew_2005.cellml"],"brain model":["workspace\/546\/rawfile\/HEAD\/cloutier_2009.cellml"],"socrates dokos, branko celler, and nigel lovell":["workspace\/yamaguchi_takaki_matsubara_yasuhara_suga_1996\/rawfile\/HEAD\/yamaguchi_takaki_matsubara_yasuhara_suga_1996.cellml","workspace\/baylor_hollingworth_chandler_2002\/rawfile\/HEAD\/baylor_hollingworth_chandler_2002_d.cellml","workspace\/marhl_haberichter_brumen_heinrich_2000\/rawfile\/HEAD\/marhl_haberichter_brumen_heinrich_2000.cellml","workspace\/baylor_hollingworth_chandler_2002\/rawfile\/HEAD\/baylor_hollingworth_chandler_2002_b.cellml","workspace\/luo_rudy_1994\/rawfile\/HEAD\/luo_rudy_1994.cellml","workspace\/devries_sherman_2000\/rawfile\/HEAD\/devries_sherman_2000.cellml","workspace\/boyett_zhang_garny_holden_2001\/rawfile\/HEAD\/boyett_zhang_garny_holden_2001.cellml","workspace\/stern_song_sham_yang_boheler_rios_1999\/rawfile\/HEAD\/stern_song_sham_yang_boheler_rios_1999.cellml","workspace\/izakov_katsnelson_blyakhman_markhasin_shkylar_1991\/rawfile\/HEAD\/izakov_katsnelson_blyakhman_markhasin_shkylar_1991.cellml","workspace\/colegrove_albrecht_friel_2000\/rawfile\/HEAD\/colegrove_albrecht_friel_2000.cellml","workspace\/iribe_kohl_noble_2006\/rawfile\/HEAD\/iribe_kohl_noble_2006.cellml","workspace\/dougherty_wright_yew_2005\/rawfile\/HEAD\/dougherty_wright_yew_2005.cellml"],"rabbit":["workspace\/yamaguchi_takaki_matsubara_yasuhara_suga_1996\/rawfile\/HEAD\/yamaguchi_takaki_matsubara_yasuhara_suga_1996.cellml","workspace\/baylor_hollingworth_chandler_2002\/rawfile\/HEAD\/baylor_hollingworth_chandler_2002_d.cellml","workspace\/marhl_haberichter_brumen_heinrich_2000\/rawfile\/HEAD\/marhl_haberichter_brumen_heinrich_2000.cellml","workspace\/baylor_hollingworth_chandler_2002\/rawfile\/HEAD\/baylor_hollingworth_chandler_2002_b.cellml","workspace\/luo_rudy_1994\/rawfile\/HEAD\/luo_rudy_1994.cellml","workspace\/devries_sherman_2000\/rawfile\/HEAD\/devries_sherman_2000.cellml","workspace\/boyett_zhang_garny_holden_2001\/rawfile\/HEAD\/boyett_zhang_garny_holden_2001.cellml","workspace\/stern_song_sham_yang_boheler_rios_1999\/rawfile\/HEAD\/stern_song_sham_yang_boheler_rios_1999.cellml","workspace\/izakov_katsnelson_blyakhman_markhasin_shkylar_1991\/rawfile\/HEAD\/izakov_katsnelson_blyakhman_markhasin_shkylar_1991.cellml","workspace\/colegrove_albrecht_friel_2000\/rawfile\/HEAD\/colegrove_albrecht_friel_2000.cellml","workspace\/iribe_kohl_noble_2006\/rawfile\/HEAD\/iribe_kohl_noble_2006.cellml","workspace\/dougherty_wright_yew_2005\/rawfile\/HEAD\/dougherty_wright_yew_2005.cellml"],"kidney":["workspace\/yamaguchi_takaki_matsubara_yasuhara_suga_1996\/rawfile\/HEAD\/yamaguchi_takaki_matsubara_yasuhara_suga_1996.cellml","workspace\/baylor_hollingworth_chandler_2002\/rawfile\/HEAD\/baylor_hollingworth_chandler_2002_d.cellml","workspace\/marhl_haberichter_brumen_heinrich_2000\/rawfile\/HEAD\/marhl_haberichter_brumen_heinrich_2000.cellml","workspace\/baylor_hollingworth_chandler_2002\/rawfile\/HEAD\/baylor_hollingworth_chandler_2002_b.cellml","workspace\/luo_rudy_1994\/rawfile\/HEAD\/luo_rudy_1994.cellml","workspace\/267\/rawfile\/HEAD\/mackenzie_1996.cellml","workspace\/devries_sherman_2000\/rawfile\/HEAD\/devries_sherman_2000.cellml","workspace\/boyett_zhang_garny_holden_2001\/rawfile\/HEAD\/boyett_zhang_garny_holden_2001.cellml","workspace\/stern_song_sham_yang_boheler_rios_1999\/rawfile\/HEAD\/stern_song_sham_yang_boheler_rios_1999.cellml","workspace\/267\/rawfile\/HEAD\/SEDML\/mackenzie_1996\/mackenzie_1996.cellml","workspace\/izakov_katsnelson_blyakhman_markhasin_shkylar_1991\/rawfile\/HEAD\/izakov_katsnelson_blyakhman_markhasin_shkylar_1991.cellml","workspace\/267\/rawfile\/HEAD\/mackenzie_1996-mouse-baso.cellml","workspace\/colegrove_albrecht_friel_2000\/rawfile\/HEAD\/colegrove_albrecht_friel_2000.cellml","workspace\/iribe_kohl_noble_2006\/rawfile\/HEAD\/iribe_kohl_noble_2006.cellml","workspace\/dougherty_wright_yew_2005\/rawfile\/HEAD\/dougherty_wright_yew_2005.cellml"],"protein":["workspace\/yamaguchi_takaki_matsubara_yasuhara_suga_1996\/rawfile\/HEAD\/yamaguchi_takaki_matsubara_yasuhara_suga_1996.cellml","workspace\/baylor_hollingworth_chandler_2002\/rawfile\/HEAD\/baylor_hollingworth_chandler_2002_d.cellml","workspace\/marhl_haberichter_brumen_heinrich_2000\/rawfile\/HEAD\/marhl_haberichter_brumen_heinrich_2000.cellml","workspace\/baylor_hollingworth_chandler_2002\/rawfile\/HEAD\/baylor_hollingworth_chandler_2002_b.cellml","workspace\/luo_rudy_1994\/rawfile\/HEAD\/luo_rudy_1994.cellml","workspace\/devries_sherman_2000\/rawfile\/HEAD\/devries_sherman_2000.cellml","workspace\/boyett_zhang_garny_holden_2001\/rawfile\/HEAD\/boyett_zhang_garny_holden_2001.cellml","workspace\/stern_song_sham_yang_boheler_rios_1999\/rawfile\/HEAD\/stern_song_sham_yang_boheler_rios_1999.cellml","workspace\/izakov_katsnelson_blyakhman_markhasin_shkylar_1991\/rawfile\/HEAD\/izakov_katsnelson_blyakhman_markhasin_shkylar_1991.cellml","workspace\/colegrove_albrecht_friel_2000\/rawfile\/HEAD\/colegrove_albrecht_friel_2000.cellml","workspace\/iribe_kohl_noble_2006\/rawfile\/HEAD\/iribe_kohl_noble_2006.cellml","workspace\/dougherty_wright_yew_2005\/rawfile\/HEAD\/dougherty_wright_yew_2005.cellml"],"sodium channel":["workspace\/yamaguchi_takaki_matsubara_yasuhara_suga_1996\/rawfile\/HEAD\/yamaguchi_takaki_matsubara_yasuhara_suga_1996.cellml","workspace\/baylor_hollingworth_chandler_2002\/rawfile\/HEAD\/baylor_hollingworth_chandler_2002_d.cellml","workspace\/marhl_haberichter_brumen_heinrich_2000\/rawfile\/HEAD\/marhl_haberichter_brumen_heinrich_2000.cellml","workspace\/baylor_hollingworth_chandler_2002\/rawfile\/HEAD\/baylor_hollingworth_chandler_2002_b.cellml","workspace\/luo_rudy_1994\/rawfile\/HEAD\/luo_rudy_1994.cellml","workspace\/devries_sherman_2000\/rawfile\/HEAD\/devries_sherman_2000.cellml","workspace\/boyett_zhang_garny_holden_2001\/rawfile\/HEAD\/boyett_zhang_garny_holden_2001.cellml","workspace\/stern_song_sham_yang_boheler_rios_1999\/rawfile\/HEAD\/stern_song_sham_yang_boheler_rios_1999.cellml","workspace\/izakov_katsnelson_blyakhman_markhasin_shkylar_1991\/rawfile\/HEAD\/izakov_katsnelson_blyakhman_markhasin_shkylar_1991.cellml","workspace\/colegrove_albrecht_friel_2000\/rawfile\/HEAD\/colegrove_albrecht_friel_2000.cellml","workspace\/iribe_kohl_noble_2006\/rawfile\/HEAD\/iribe_kohl_noble_2006.cellml","workspace\/dougherty_wright_yew_2005\/rawfile\/HEAD\/dougherty_wright_yew_2005.cellml"],"mitochondrial modulation of intracellular":["workspace\/fall_keizer_2001\/rawfile\/HEAD\/fall_keizer_2001.cellml"],"a simplified model for mitochondrial atp production":["workspace\/yamaguchi_takaki_matsubara_yasuhara_suga_1996\/rawfile\/HEAD\/yamaguchi_takaki_matsubara_yasuhara_suga_1996.cellml","workspace\/baylor_hollingworth_chandler_2002\/rawfile\/HEAD\/baylor_hollingworth_chandler_2002_d.cellml","workspace\/marhl_haberichter_brumen_heinrich_2000\/rawfile\/HEAD\/marhl_haberichter_brumen_heinrich_2000.cellml","workspace\/baylor_hollingworth_chandler_2002\/rawfile\/HEAD\/baylor_hollingworth_chandler_2002_b.cellml","workspace\/luo_rudy_1994\/rawfile\/HEAD\/luo_rudy_1994.cellml","workspace\/devries_sherman_2000\/rawfile\/HEAD\/devries_sherman_2000.cellml","workspace\/boyett_zhang_garny_holden_2001\/rawfile\/HEAD\/boyett_zhang_garny_holden_2001.cellml","workspace\/stern_song_sham_yang_boheler_rios_1999\/rawfile\/HEAD\/stern_song_sham_yang_boheler_rios_1999.cellml","workspace\/izakov_katsnelson_blyakhman_markhasin_shkylar_1991\/rawfile\/HEAD\/izakov_katsnelson_blyakhman_markhasin_shkylar_1991.cellml","workspace\/colegrove_albrecht_friel_2000\/rawfile\/HEAD\/colegrove_albrecht_friel_2000.cellml","workspace\/iribe_kohl_noble_2006\/rawfile\/HEAD\/iribe_kohl_noble_2006.cellml","workspace\/dougherty_wright_yew_2005\/rawfile\/HEAD\/dougherty_wright_yew_2005.cellml"],"an integrated model of cardiac mitochondrial energy metabolism and calcium dynamics":["workspace\/cortassa_aon_marban_winslow_orourke_2003\/rawfile\/HEAD\/cortassa_aon_marban_winslow_orourke_2003.cellml"],"complex calcium oscillations and the role of mitochondria and cytosolic proteins":["workspace\/yamaguchi_takaki_matsubara_yasuhara_suga_1996\/rawfile\/HEAD\/yamaguchi_takaki_matsubara_yasuhara_suga_1996.cellml","workspace\/baylor_hollingworth_chandler_2002\/rawfile\/HEAD\/baylor_hollingworth_chandler_2002_d.cellml","workspace\/marhl_haberichter_brumen_heinrich_2000\/rawfile\/HEAD\/marhl_haberichter_brumen_heinrich_2000.cellml","workspace\/baylor_hollingworth_chandler_2002\/rawfile\/HEAD\/baylor_hollingworth_chandler_2002_b.cellml","workspace\/luo_rudy_1994\/rawfile\/HEAD\/luo_rudy_1994.cellml","workspace\/devries_sherman_2000\/rawfile\/HEAD\/devries_sherman_2000.cellml","workspace\/boyett_zhang_garny_holden_2001\/rawfile\/HEAD\/boyett_zhang_garny_holden_2001.cellml","workspace\/stern_song_sham_yang_boheler_rios_1999\/rawfile\/HEAD\/stern_song_sham_yang_boheler_rios_1999.cellml","workspace\/izakov_katsnelson_blyakhman_markhasin_shkylar_1991\/rawfile\/HEAD\/izakov_katsnelson_blyakhman_markhasin_shkylar_1991.cellml","workspace\/colegrove_albrecht_friel_2000\/rawfile\/HEAD\/colegrove_albrecht_friel_2000.cellml","workspace\/iribe_kohl_noble_2006\/rawfile\/HEAD\/iribe_kohl_noble_2006.cellml","workspace\/dougherty_wright_yew_2005\/rawfile\/HEAD\/dougherty_wright_yew_2005.cellml"],"a mitochondrial oscillator dependent on reactive oxygen species":["workspace\/cortassa_aon_marban_winslow_orourke_2003\/rawfile\/HEAD\/cortassa_aon_marban_winslow_orourke_2003.cellml"],"computer modeling of mitochondrial tricarboxylic acid cycle, oxidative phosphorylation, metabolite transport, and electrophysiology":["workspace\/yamaguchi_takaki_matsubara_yasuhara_suga_1996\/rawfile\/HEAD\/yamaguchi_takaki_matsubara_yasuhara_suga_1996.cellml","workspace\/baylor_hollingworth_chandler_2002\/rawfile\/HEAD\/baylor_hollingworth_chandler_2002_d.cellml","workspace\/marhl_haberichter_brumen_heinrich_2000\/rawfile\/HEAD\/marhl_haberichter_brumen_heinrich_2000.cellml","workspace\/baylor_hollingworth_chandler_2002\/rawfile\/HEAD\/baylor_hollingworth_chandler_2002_b.cellml","workspace\/luo_rudy_1994\/rawfile\/HEAD\/luo_rudy_1994.cellml","workspace\/devries_sherman_2000\/rawfile\/HEAD\/devries_sherman_2000.cellml","workspace\/boyett_zhang_garny_holden_2001\/rawfile\/HEAD\/boyett_zhang_garny_holden_2001.cellml","workspace\/stern_song_sham_yang_boheler_rios_1999\/rawfile\/HEAD\/stern_song_sham_yang_boheler_rios_1999.cellml","workspace\/izakov_katsnelson_blyakhman_markhasin_shkylar_1991\/rawfile\/HEAD\/izakov_katsnelson_blyakhman_markhasin_shkylar_1991.cellml","workspace\/colegrove_albrecht_friel_2000\/rawfile\/HEAD\/colegrove_albrecht_friel_2000.cellml","workspace\/iribe_kohl_noble_2006\/rawfile\/HEAD\/iribe_kohl_noble_2006.cellml","workspace\/dougherty_wright_yew_2005\/rawfile\/HEAD\/dougherty_wright_yew_2005.cellml"],"mitochondria":["workspace\/yamaguchi_takaki_matsubara_yasuhara_suga_1996\/rawfile\/HEAD\/yamaguchi_takaki_matsubara_yasuhara_suga_1996.cellml","workspace\/baylor_hollingworth_chandler_2002\/rawfile\/HEAD\/baylor_hollingworth_chandler_2002_d.cellml","workspace\/marhl_haberichter_brumen_heinrich_2000\/rawfile\/HEAD\/marhl_haberichter_brumen_heinrich_2000.cellml","workspace\/albrecht_colegrove_friel_2002\/rawfile\/HEAD\/albrecht_colegrove_friel_2002.cellml","workspace\/baylor_hollingworth_chandler_2002\/rawfile\/HEAD\/baylor_hollingworth_chandler_2002_b.cellml","workspace\/546\/rawfile\/HEAD\/cloutier_2009.cellml","workspace\/luo_rudy_1994\/rawfile\/HEAD\/luo_rudy_1994.cellml","workspace\/cortassa_aon_marban_winslow_orourke_2003\/rawfile\/HEAD\/cortassa_aon_marban_winslow_orourke_2003.cellml","workspace\/devries_sherman_2000\/rawfile\/HEAD\/devries_sherman_2000.cellml","workspace\/boyett_zhang_garny_holden_2001\/rawfile\/HEAD\/boyett_zhang_garny_holden_2001.cellml","workspace\/stern_song_sham_yang_boheler_rios_1999\/rawfile\/HEAD\/stern_song_sham_yang_boheler_rios_1999.cellml","workspace\/izakov_katsnelson_blyakhman_markhasin_shkylar_1991\/rawfile\/HEAD\/izakov_katsnelson_blyakhman_markhasin_shkylar_1991.cellml","workspace\/fall_keizer_2001\/rawfile\/HEAD\/fall_keizer_2001.cellml","workspace\/colegrove_albrecht_friel_2000\/rawfile\/HEAD\/colegrove_albrecht_friel_2000.cellml","workspace\/iribe_kohl_noble_2006\/rawfile\/HEAD\/iribe_kohl_noble_2006.cellml","workspace\/dougherty_wright_yew_2005\/rawfile\/HEAD\/dougherty_wright_yew_2005.cellml"],"t cell receptors":["workspace\/yamaguchi_takaki_matsubara_yasuhara_suga_1996\/rawfile\/HEAD\/yamaguchi_takaki_matsubara_yasuhara_suga_1996.cellml","workspace\/baylor_hollingworth_chandler_2002\/rawfile\/HEAD\/baylor_hollingworth_chandler_2002_d.cellml","workspace\/marhl_haberichter_brumen_heinrich_2000\/rawfile\/HEAD\/marhl_haberichter_brumen_heinrich_2000.cellml","workspace\/baylor_hollingworth_chandler_2002\/rawfile\/HEAD\/baylor_hollingworth_chandler_2002_b.cellml","workspace\/luo_rudy_1994\/rawfile\/HEAD\/luo_rudy_1994.cellml","workspace\/devries_sherman_2000\/rawfile\/HEAD\/devries_sherman_2000.cellml","workspace\/boyett_zhang_garny_holden_2001\/rawfile\/HEAD\/boyett_zhang_garny_holden_2001.cellml","workspace\/stern_song_sham_yang_boheler_rios_1999\/rawfile\/HEAD\/stern_song_sham_yang_boheler_rios_1999.cellml","workspace\/izakov_katsnelson_blyakhman_markhasin_shkylar_1991\/rawfile\/HEAD\/izakov_katsnelson_blyakhman_markhasin_shkylar_1991.cellml","workspace\/colegrove_albrecht_friel_2000\/rawfile\/HEAD\/colegrove_albrecht_friel_2000.cellml","workspace\/iribe_kohl_noble_2006\/rawfile\/HEAD\/iribe_kohl_noble_2006.cellml","workspace\/dougherty_wright_yew_2005\/rawfile\/HEAD\/dougherty_wright_yew_2005.cellml"],"respiratory":["workspace\/yamaguchi_takaki_matsubara_yasuhara_suga_1996\/rawfile\/HEAD\/yamaguchi_takaki_matsubara_yasuhara_suga_1996.cellml","workspace\/baylor_hollingworth_chandler_2002\/rawfile\/HEAD\/baylor_hollingworth_chandler_2002_d.cellml","workspace\/marhl_haberichter_brumen_heinrich_2000\/rawfile\/HEAD\/marhl_haberichter_brumen_heinrich_2000.cellml","workspace\/baylor_hollingworth_chandler_2002\/rawfile\/HEAD\/baylor_hollingworth_chandler_2002_b.cellml","workspace\/luo_rudy_1994\/rawfile\/HEAD\/luo_rudy_1994.cellml","workspace\/devries_sherman_2000\/rawfile\/HEAD\/devries_sherman_2000.cellml","workspace\/boyett_zhang_garny_holden_2001\/rawfile\/HEAD\/boyett_zhang_garny_holden_2001.cellml","workspace\/stern_song_sham_yang_boheler_rios_1999\/rawfile\/HEAD\/stern_song_sham_yang_boheler_rios_1999.cellml","workspace\/izakov_katsnelson_blyakhman_markhasin_shkylar_1991\/rawfile\/HEAD\/izakov_katsnelson_blyakhman_markhasin_shkylar_1991.cellml","workspace\/colegrove_albrecht_friel_2000\/rawfile\/HEAD\/colegrove_albrecht_friel_2000.cellml","workspace\/iribe_kohl_noble_2006\/rawfile\/HEAD\/iribe_kohl_noble_2006.cellml","workspace\/dougherty_wright_yew_2005\/rawfile\/HEAD\/dougherty_wright_yew_2005.cellml"],"atrial ap":["workspace\/yamaguchi_takaki_matsubara_yasuhara_suga_1996\/rawfile\/HEAD\/yamaguchi_takaki_matsubara_yasuhara_suga_1996.cellml","workspace\/baylor_hollingworth_chandler_2002\/rawfile\/HEAD\/baylor_hollingworth_chandler_2002_d.cellml","workspace\/marhl_haberichter_brumen_heinrich_2000\/rawfile\/HEAD\/marhl_haberichter_brumen_heinrich_2000.cellml","workspace\/baylor_hollingworth_chandler_2002\/rawfile\/HEAD\/baylor_hollingworth_chandler_2002_b.cellml","workspace\/luo_rudy_1994\/rawfile\/HEAD\/luo_rudy_1994.cellml","workspace\/devries_sherman_2000\/rawfile\/HEAD\/devries_sherman_2000.cellml","workspace\/boyett_zhang_garny_holden_2001\/rawfile\/HEAD\/boyett_zhang_garny_holden_2001.cellml","workspace\/stern_song_sham_yang_boheler_rios_1999\/rawfile\/HEAD\/stern_song_sham_yang_boheler_rios_1999.cellml","workspace\/izakov_katsnelson_blyakhman_markhasin_shkylar_1991\/rawfile\/HEAD\/izakov_katsnelson_blyakhman_markhasin_shkylar_1991.cellml","workspace\/colegrove_albrecht_friel_2000\/rawfile\/HEAD\/colegrove_albrecht_friel_2000.cellml","workspace\/iribe_kohl_noble_2006\/rawfile\/HEAD\/iribe_kohl_noble_2006.cellml","workspace\/dougherty_wright_yew_2005\/rawfile\/HEAD\/dougherty_wright_yew_2005.cellml"],"calcium dynamics":["workspace\/yamaguchi_takaki_matsubara_yasuhara_suga_1996\/rawfile\/HEAD\/yamaguchi_takaki_matsubara_yasuhara_suga_1996.cellml","workspace\/baylor_hollingworth_chandler_2002\/rawfile\/HEAD\/baylor_hollingworth_chandler_2002_d.cellml","workspace\/marhl_haberichter_brumen_heinrich_2000\/rawfile\/HEAD\/marhl_haberichter_brumen_heinrich_2000.cellml","workspace\/baylor_hollingworth_chandler_2002\/rawfile\/HEAD\/baylor_hollingworth_chandler_2002_b.cellml","workspace\/luo_rudy_1994\/rawfile\/HEAD\/luo_rudy_1994.cellml","workspace\/cortassa_aon_marban_winslow_orourke_2003\/rawfile\/HEAD\/cortassa_aon_marban_winslow_orourke_2003.cellml","workspace\/devries_sherman_2000\/rawfile\/HEAD\/devries_sherman_2000.cellml","workspace\/boyett_zhang_garny_holden_2001\/rawfile\/HEAD\/boyett_zhang_garny_holden_2001.cellml","workspace\/stern_song_sham_yang_boheler_rios_1999\/rawfile\/HEAD\/stern_song_sham_yang_boheler_rios_1999.cellml","workspace\/shannon_wang_puglisi_weber_bers_2004\/rawfile\/HEAD\/shannon_wang_puglisi_weber_bers_2004_a.cellml","workspace\/shiferaw_watanabe_garfinkel_weiss_karma_2003\/rawfile\/HEAD\/shiferaw_watanabe_garfinkel_weiss_karma_2003.cellml","workspace\/izakov_katsnelson_blyakhman_markhasin_shkylar_1991\/rawfile\/HEAD\/izakov_katsnelson_blyakhman_markhasin_shkylar_1991.cellml","workspace\/colegrove_albrecht_friel_2000\/rawfile\/HEAD\/colegrove_albrecht_friel_2000.cellml","workspace\/shannon_wang_puglisi_weber_bers_2004\/rawfile\/HEAD\/shannon_wang_puglisi_weber_bers_2004_b.cellml","workspace\/iribe_kohl_noble_2006\/rawfile\/HEAD\/iribe_kohl_noble_2006.cellml","workspace\/noble_noble_2001\/rawfile\/HEAD\/noble_noble_2001.cellml","workspace\/dougherty_wright_yew_2005\/rawfile\/HEAD\/dougherty_wright_yew_2005.cellml"],"luo rudy phase -ii model":["workspace\/yamaguchi_takaki_matsubara_yasuhara_suga_1996\/rawfile\/HEAD\/yamaguchi_takaki_matsubara_yasuhara_suga_1996.cellml","workspace\/baylor_hollingworth_chandler_2002\/rawfile\/HEAD\/baylor_hollingworth_chandler_2002_d.cellml","workspace\/marhl_haberichter_brumen_heinrich_2000\/rawfile\/HEAD\/marhl_haberichter_brumen_heinrich_2000.cellml","workspace\/baylor_hollingworth_chandler_2002\/rawfile\/HEAD\/baylor_hollingworth_chandler_2002_b.cellml","workspace\/luo_rudy_1994\/rawfile\/HEAD\/luo_rudy_1994.cellml","workspace\/devries_sherman_2000\/rawfile\/HEAD\/devries_sherman_2000.cellml","workspace\/boyett_zhang_garny_holden_2001\/rawfile\/HEAD\/boyett_zhang_garny_holden_2001.cellml","workspace\/stern_song_sham_yang_boheler_rios_1999\/rawfile\/HEAD\/stern_song_sham_yang_boheler_rios_1999.cellml","workspace\/izakov_katsnelson_blyakhman_markhasin_shkylar_1991\/rawfile\/HEAD\/izakov_katsnelson_blyakhman_markhasin_shkylar_1991.cellml","workspace\/colegrove_albrecht_friel_2000\/rawfile\/HEAD\/colegrove_albrecht_friel_2000.cellml","workspace\/iribe_kohl_noble_2006\/rawfile\/HEAD\/iribe_kohl_noble_2006.cellml","workspace\/dougherty_wright_yew_2005\/rawfile\/HEAD\/dougherty_wright_yew_2005.cellml"],"magnus, keizer":["workspace\/fall_keizer_2001\/rawfile\/HEAD\/fall_keizer_2001.cellml"],"purkinje cell model":["workspace\/yamaguchi_takaki_matsubara_yasuhara_suga_1996\/rawfile\/HEAD\/yamaguchi_takaki_matsubara_yasuhara_suga_1996.cellml","workspace\/baylor_hollingworth_chandler_2002\/rawfile\/HEAD\/baylor_hollingworth_chandler_2002_d.cellml","workspace\/marhl_haberichter_brumen_heinrich_2000\/rawfile\/HEAD\/marhl_haberichter_brumen_heinrich_2000.cellml","workspace\/baylor_hollingworth_chandler_2002\/rawfile\/HEAD\/baylor_hollingworth_chandler_2002_b.cellml","workspace\/luo_rudy_1994\/rawfile\/HEAD\/luo_rudy_1994.cellml","workspace\/devries_sherman_2000\/rawfile\/HEAD\/devries_sherman_2000.cellml","workspace\/boyett_zhang_garny_holden_2001\/rawfile\/HEAD\/boyett_zhang_garny_holden_2001.cellml","workspace\/stern_song_sham_yang_boheler_rios_1999\/rawfile\/HEAD\/stern_song_sham_yang_boheler_rios_1999.cellml","workspace\/izakov_katsnelson_blyakhman_markhasin_shkylar_1991\/rawfile\/HEAD\/izakov_katsnelson_blyakhman_markhasin_shkylar_1991.cellml","workspace\/colegrove_albrecht_friel_2000\/rawfile\/HEAD\/colegrove_albrecht_friel_2000.cellml","workspace\/iribe_kohl_noble_2006\/rawfile\/HEAD\/iribe_kohl_noble_2006.cellml","workspace\/dougherty_wright_yew_2005\/rawfile\/HEAD\/dougherty_wright_yew_2005.cellml"],"human atrial cell model":["workspace\/yamaguchi_takaki_matsubara_yasuhara_suga_1996\/rawfile\/HEAD\/yamaguchi_takaki_matsubara_yasuhara_suga_1996.cellml","workspace\/baylor_hollingworth_chandler_2002\/rawfile\/HEAD\/baylor_hollingworth_chandler_2002_d.cellml","workspace\/marhl_haberichter_brumen_heinrich_2000\/rawfile\/HEAD\/marhl_haberichter_brumen_heinrich_2000.cellml","workspace\/baylor_hollingworth_chandler_2002\/rawfile\/HEAD\/baylor_hollingworth_chandler_2002_b.cellml","workspace\/luo_rudy_1994\/rawfile\/HEAD\/luo_rudy_1994.cellml","workspace\/devries_sherman_2000\/rawfile\/HEAD\/devries_sherman_2000.cellml","workspace\/boyett_zhang_garny_holden_2001\/rawfile\/HEAD\/boyett_zhang_garny_holden_2001.cellml","workspace\/stern_song_sham_yang_boheler_rios_1999\/rawfile\/HEAD\/stern_song_sham_yang_boheler_rios_1999.cellml","workspace\/izakov_katsnelson_blyakhman_markhasin_shkylar_1991\/rawfile\/HEAD\/izakov_katsnelson_blyakhman_markhasin_shkylar_1991.cellml","workspace\/colegrove_albrecht_friel_2000\/rawfile\/HEAD\/colegrove_albrecht_friel_2000.cellml","workspace\/iribe_kohl_noble_2006\/rawfile\/HEAD\/iribe_kohl_noble_2006.cellml","workspace\/dougherty_wright_yew_2005\/rawfile\/HEAD\/dougherty_wright_yew_2005.cellml"],"purkinje fibre human":["workspace\/yamaguchi_takaki_matsubara_yasuhara_suga_1996\/rawfile\/HEAD\/yamaguchi_takaki_matsubara_yasuhara_suga_1996.cellml","workspace\/baylor_hollingworth_chandler_2002\/rawfile\/HEAD\/baylor_hollingworth_chandler_2002_d.cellml","workspace\/marhl_haberichter_brumen_heinrich_2000\/rawfile\/HEAD\/marhl_haberichter_brumen_heinrich_2000.cellml","workspace\/baylor_hollingworth_chandler_2002\/rawfile\/HEAD\/baylor_hollingworth_chandler_2002_b.cellml","workspace\/luo_rudy_1994\/rawfile\/HEAD\/luo_rudy_1994.cellml","workspace\/devries_sherman_2000\/rawfile\/HEAD\/devries_sherman_2000.cellml","workspace\/boyett_zhang_garny_holden_2001\/rawfile\/HEAD\/boyett_zhang_garny_holden_2001.cellml","workspace\/stern_song_sham_yang_boheler_rios_1999\/rawfile\/HEAD\/stern_song_sham_yang_boheler_rios_1999.cellml","workspace\/izakov_katsnelson_blyakhman_markhasin_shkylar_1991\/rawfile\/HEAD\/izakov_katsnelson_blyakhman_markhasin_shkylar_1991.cellml","workspace\/colegrove_albrecht_friel_2000\/rawfile\/HEAD\/colegrove_albrecht_friel_2000.cellml","workspace\/iribe_kohl_noble_2006\/rawfile\/HEAD\/iribe_kohl_noble_2006.cellml","workspace\/dougherty_wright_yew_2005\/rawfile\/HEAD\/dougherty_wright_yew_2005.cellml"],"human purkinje":["workspace\/yamaguchi_takaki_matsubara_yasuhara_suga_1996\/rawfile\/HEAD\/yamaguchi_takaki_matsubara_yasuhara_suga_1996.cellml","workspace\/baylor_hollingworth_chandler_2002\/rawfile\/HEAD\/baylor_hollingworth_chandler_2002_d.cellml","workspace\/marhl_haberichter_brumen_heinrich_2000\/rawfile\/HEAD\/marhl_haberichter_brumen_heinrich_2000.cellml","workspace\/baylor_hollingworth_chandler_2002\/rawfile\/HEAD\/baylor_hollingworth_chandler_2002_b.cellml","workspace\/luo_rudy_1994\/rawfile\/HEAD\/luo_rudy_1994.cellml","workspace\/devries_sherman_2000\/rawfile\/HEAD\/devries_sherman_2000.cellml","workspace\/boyett_zhang_garny_holden_2001\/rawfile\/HEAD\/boyett_zhang_garny_holden_2001.cellml","workspace\/stern_song_sham_yang_boheler_rios_1999\/rawfile\/HEAD\/stern_song_sham_yang_boheler_rios_1999.cellml","workspace\/izakov_katsnelson_blyakhman_markhasin_shkylar_1991\/rawfile\/HEAD\/izakov_katsnelson_blyakhman_markhasin_shkylar_1991.cellml","workspace\/colegrove_albrecht_friel_2000\/rawfile\/HEAD\/colegrove_albrecht_friel_2000.cellml","workspace\/iribe_kohl_noble_2006\/rawfile\/HEAD\/iribe_kohl_noble_2006.cellml","workspace\/dougherty_wright_yew_2005\/rawfile\/HEAD\/dougherty_wright_yew_2005.cellml"],"matlab calcium":["workspace\/faber_rudy_2000\/rawfile\/HEAD\/faber_rudy_modified_version_2000.cellml"],"an integrative dynamic model of brain energy metabolism using in vivo neurochemical measurements":["workspace\/546\/rawfile\/HEAD\/cloutier_2009.cellml"],"ryanodine":["workspace\/michailova_mcculloch_2001\/rawfile\/HEAD\/michailova_mcculloch_2001.cellml","workspace\/yamaguchi_takaki_matsubara_yasuhara_suga_1996\/rawfile\/HEAD\/yamaguchi_takaki_matsubara_yasuhara_suga_1996.cellml","workspace\/baylor_hollingworth_chandler_2002\/rawfile\/HEAD\/baylor_hollingworth_chandler_2002_d.cellml","workspace\/marhl_haberichter_brumen_heinrich_2000\/rawfile\/HEAD\/marhl_haberichter_brumen_heinrich_2000.cellml","workspace\/baylor_hollingworth_chandler_2002\/rawfile\/HEAD\/baylor_hollingworth_chandler_2002_b.cellml","workspace\/luo_rudy_1994\/rawfile\/HEAD\/luo_rudy_1994.cellml","workspace\/devries_sherman_2000\/rawfile\/HEAD\/devries_sherman_2000.cellml","workspace\/boyett_zhang_garny_holden_2001\/rawfile\/HEAD\/boyett_zhang_garny_holden_2001.cellml","workspace\/stern_song_sham_yang_boheler_rios_1999\/rawfile\/HEAD\/stern_song_sham_yang_boheler_rios_1999.cellml","workspace\/winslow_rice_jafri_marban_ororke_1999\/rawfile\/HEAD\/winslow_rice_jafri_marban_ororke_1999.cellml","workspace\/izakov_katsnelson_blyakhman_markhasin_shkylar_1991\/rawfile\/HEAD\/izakov_katsnelson_blyakhman_markhasin_shkylar_1991.cellml","workspace\/jafri_rice_winslow_1998\/rawfile\/HEAD\/jafri_rice_winslow_1998_b.cellml","workspace\/jafri_rice_winslow_1998\/rawfile\/HEAD\/jafri_rice_winslow_1998_a.cellml","workspace\/colegrove_albrecht_friel_2000\/rawfile\/HEAD\/colegrove_albrecht_friel_2000.cellml","workspace\/iribe_kohl_noble_2006\/rawfile\/HEAD\/iribe_kohl_noble_2006.cellml","workspace\/dougherty_wright_yew_2005\/rawfile\/HEAD\/dougherty_wright_yew_2005.cellml"],"magnus, keizer, 1998":["workspace\/magnus_keizer_1998\/rawfile\/HEAD\/magnus_keizer_1998.cellml","workspace\/fall_keizer_2001\/rawfile\/HEAD\/fall_keizer_2001.cellml"],"brain":["workspace\/546\/rawfile\/HEAD\/cloutier_2009.cellml"],"noble'98":["workspace\/noble_noble_2001\/rawfile\/HEAD\/noble_noble_2001.cellml"],"nuclear erythyroid 2":["workspace\/yamaguchi_takaki_matsubara_yasuhara_suga_1996\/rawfile\/HEAD\/yamaguchi_takaki_matsubara_yasuhara_suga_1996.cellml","workspace\/baylor_hollingworth_chandler_2002\/rawfile\/HEAD\/baylor_hollingworth_chandler_2002_d.cellml","workspace\/marhl_haberichter_brumen_heinrich_2000\/rawfile\/HEAD\/marhl_haberichter_brumen_heinrich_2000.cellml","workspace\/baylor_hollingworth_chandler_2002\/rawfile\/HEAD\/baylor_hollingworth_chandler_2002_b.cellml","workspace\/luo_rudy_1994\/rawfile\/HEAD\/luo_rudy_1994.cellml","workspace\/devries_sherman_2000\/rawfile\/HEAD\/devries_sherman_2000.cellml","workspace\/boyett_zhang_garny_holden_2001\/rawfile\/HEAD\/boyett_zhang_garny_holden_2001.cellml","workspace\/stern_song_sham_yang_boheler_rios_1999\/rawfile\/HEAD\/stern_song_sham_yang_boheler_rios_1999.cellml","workspace\/izakov_katsnelson_blyakhman_markhasin_shkylar_1991\/rawfile\/HEAD\/izakov_katsnelson_blyakhman_markhasin_shkylar_1991.cellml","workspace\/colegrove_albrecht_friel_2000\/rawfile\/HEAD\/colegrove_albrecht_friel_2000.cellml","workspace\/iribe_kohl_noble_2006\/rawfile\/HEAD\/iribe_kohl_noble_2006.cellml","workspace\/dougherty_wright_yew_2005\/rawfile\/HEAD\/dougherty_wright_yew_2005.cellml"],"cytosolic inhibitor":["workspace\/yamaguchi_takaki_matsubara_yasuhara_suga_1996\/rawfile\/HEAD\/yamaguchi_takaki_matsubara_yasuhara_suga_1996.cellml","workspace\/baylor_hollingworth_chandler_2002\/rawfile\/HEAD\/baylor_hollingworth_chandler_2002_d.cellml","workspace\/marhl_haberichter_brumen_heinrich_2000\/rawfile\/HEAD\/marhl_haberichter_brumen_heinrich_2000.cellml","workspace\/267\/rawfile\/HEAD\/SEDML\/eskandari_2005\/eskandari_2005.cellml","workspace\/baylor_hollingworth_chandler_2002\/rawfile\/HEAD\/baylor_hollingworth_chandler_2002_b.cellml","workspace\/luo_rudy_1994\/rawfile\/HEAD\/luo_rudy_1994.cellml","workspace\/devries_sherman_2000\/rawfile\/HEAD\/devries_sherman_2000.cellml","workspace\/boyett_zhang_garny_holden_2001\/rawfile\/HEAD\/boyett_zhang_garny_holden_2001.cellml","workspace\/stern_song_sham_yang_boheler_rios_1999\/rawfile\/HEAD\/stern_song_sham_yang_boheler_rios_1999.cellml","workspace\/izakov_katsnelson_blyakhman_markhasin_shkylar_1991\/rawfile\/HEAD\/izakov_katsnelson_blyakhman_markhasin_shkylar_1991.cellml","workspace\/267\/rawfile\/HEAD\/eskandari_2005.cellml","workspace\/colegrove_albrecht_friel_2000\/rawfile\/HEAD\/colegrove_albrecht_friel_2000.cellml","workspace\/iribe_kohl_noble_2006\/rawfile\/HEAD\/iribe_kohl_noble_2006.cellml","workspace\/dougherty_wright_yew_2005\/rawfile\/HEAD\/dougherty_wright_yew_2005.cellml"],"lumped-parameter cardiovascular":["workspace\/yamaguchi_takaki_matsubara_yasuhara_suga_1996\/rawfile\/HEAD\/yamaguchi_takaki_matsubara_yasuhara_suga_1996.cellml","workspace\/baylor_hollingworth_chandler_2002\/rawfile\/HEAD\/baylor_hollingworth_chandler_2002_d.cellml","workspace\/marhl_haberichter_brumen_heinrich_2000\/rawfile\/HEAD\/marhl_haberichter_brumen_heinrich_2000.cellml","workspace\/baylor_hollingworth_chandler_2002\/rawfile\/HEAD\/baylor_hollingworth_chandler_2002_b.cellml","workspace\/luo_rudy_1994\/rawfile\/HEAD\/luo_rudy_1994.cellml","workspace\/devries_sherman_2000\/rawfile\/HEAD\/devries_sherman_2000.cellml","workspace\/boyett_zhang_garny_holden_2001\/rawfile\/HEAD\/boyett_zhang_garny_holden_2001.cellml","workspace\/stern_song_sham_yang_boheler_rios_1999\/rawfile\/HEAD\/stern_song_sham_yang_boheler_rios_1999.cellml","workspace\/izakov_katsnelson_blyakhman_markhasin_shkylar_1991\/rawfile\/HEAD\/izakov_katsnelson_blyakhman_markhasin_shkylar_1991.cellml","workspace\/colegrove_albrecht_friel_2000\/rawfile\/HEAD\/colegrove_albrecht_friel_2000.cellml","workspace\/iribe_kohl_noble_2006\/rawfile\/HEAD\/iribe_kohl_noble_2006.cellml","workspace\/dougherty_wright_yew_2005\/rawfile\/HEAD\/dougherty_wright_yew_2005.cellml"],"mackenzie, loo, panayotova-heiermann and wright":["workspace\/267\/rawfile\/HEAD\/mackenzie_1996.cellml","workspace\/267\/rawfile\/HEAD\/SEDML\/mackenzie_1996\/mackenzie_1996.cellml","workspace\/267\/rawfile\/HEAD\/mackenzie_1996-mouse-baso.cellml"],"calcium cerebral palsy":["workspace\/bertram_satin_zhang_smolen_sherman_2004\/rawfile\/HEAD\/bertram_satin_zhang_smolen_sherman_2004_a.cellml","workspace\/yamaguchi_takaki_matsubara_yasuhara_suga_1996\/rawfile\/HEAD\/yamaguchi_takaki_matsubara_yasuhara_suga_1996.cellml","workspace\/baylor_hollingworth_chandler_2002\/rawfile\/HEAD\/baylor_hollingworth_chandler_2002_d.cellml","workspace\/marhl_haberichter_brumen_heinrich_2000\/rawfile\/HEAD\/marhl_haberichter_brumen_heinrich_2000.cellml","workspace\/bertram_satin_zhang_smolen_sherman_2004\/rawfile\/HEAD\/bertram_satin_zhang_smolen_sherman_2004_b.cellml","workspace\/baylor_hollingworth_chandler_2002\/rawfile\/HEAD\/baylor_hollingworth_chandler_2002_b.cellml","workspace\/267\/rawfile\/HEAD\/bindschadler_sneyd_2001.cellml","workspace\/luo_rudy_1994\/rawfile\/HEAD\/luo_rudy_1994.cellml","workspace\/devries_sherman_2000\/rawfile\/HEAD\/devries_sherman_2000.cellml","workspace\/boyett_zhang_garny_holden_2001\/rawfile\/HEAD\/boyett_zhang_garny_holden_2001.cellml","workspace\/stern_song_sham_yang_boheler_rios_1999\/rawfile\/HEAD\/stern_song_sham_yang_boheler_rios_1999.cellml","workspace\/izakov_katsnelson_blyakhman_markhasin_shkylar_1991\/rawfile\/HEAD\/izakov_katsnelson_blyakhman_markhasin_shkylar_1991.cellml","workspace\/magnus_keizer_1998\/rawfile\/HEAD\/magnus_keizer_1998.cellml","workspace\/colegrove_albrecht_friel_2000\/rawfile\/HEAD\/colegrove_albrecht_friel_2000.cellml","workspace\/bindschadler_sneyd_2001\/rawfile\/HEAD\/bindschadler_sneyd_2001.cellml","workspace\/iribe_kohl_noble_2006\/rawfile\/HEAD\/iribe_kohl_noble_2006.cellml","workspace\/dougherty_wright_yew_2005\/rawfile\/HEAD\/dougherty_wright_yew_2005.cellml"],"ventricular":["workspace\/yamaguchi_takaki_matsubara_yasuhara_suga_1996\/rawfile\/HEAD\/yamaguchi_takaki_matsubara_yasuhara_suga_1996.cellml","workspace\/baylor_hollingworth_chandler_2002\/rawfile\/HEAD\/baylor_hollingworth_chandler_2002_d.cellml","workspace\/marhl_haberichter_brumen_heinrich_2000\/rawfile\/HEAD\/marhl_haberichter_brumen_heinrich_2000.cellml","workspace\/baylor_hollingworth_chandler_2002\/rawfile\/HEAD\/baylor_hollingworth_chandler_2002_b.cellml","workspace\/luo_rudy_1994\/rawfile\/HEAD\/luo_rudy_1994.cellml","workspace\/devries_sherman_2000\/rawfile\/HEAD\/devries_sherman_2000.cellml","workspace\/boyett_zhang_garny_holden_2001\/rawfile\/HEAD\/boyett_zhang_garny_holden_2001.cellml","workspace\/stern_song_sham_yang_boheler_rios_1999\/rawfile\/HEAD\/stern_song_sham_yang_boheler_rios_1999.cellml","workspace\/shiferaw_watanabe_garfinkel_weiss_karma_2003\/rawfile\/HEAD\/shiferaw_watanabe_garfinkel_weiss_karma_2003.cellml","workspace\/izakov_katsnelson_blyakhman_markhasin_shkylar_1991\/rawfile\/HEAD\/izakov_katsnelson_blyakhman_markhasin_shkylar_1991.cellml","workspace\/colegrove_albrecht_friel_2000\/rawfile\/HEAD\/colegrove_albrecht_friel_2000.cellml","workspace\/iribe_kohl_noble_2006\/rawfile\/HEAD\/iribe_kohl_noble_2006.cellml","workspace\/dougherty_wright_yew_2005\/rawfile\/HEAD\/dougherty_wright_yew_2005.cellml"],"calcium heart":["workspace\/jafri_rice_winslow_1998\/rawfile\/HEAD\/jafri_rice_winslow_1998_b.cellml","workspace\/michailova_mcculloch_2001\/rawfile\/HEAD\/michailova_mcculloch_2001.cellml","workspace\/winslow_rice_jafri_marban_ororke_1999\/rawfile\/HEAD\/winslow_rice_jafri_marban_ororke_1999.cellml","workspace\/jafri_rice_winslow_1998\/rawfile\/HEAD\/jafri_rice_winslow_1998_a.cellml"],"noble ventricle 2000":["workspace\/tentusscher_noble_noble_panfilov_2004\/rawfile\/HEAD\/tentusscher_noble_noble_panfilov_2004_b.cellml","workspace\/tentusscher_noble_noble_panfilov_2004\/rawfile\/HEAD\/tentusscher_noble_noble_panfilov_2004_c.cellml","workspace\/tentusscher_noble_noble_panfilov_2004\/rawfile\/HEAD\/tentusscher_noble_noble_panfilov_2004_a.cellml"],"mapk human":["workspace\/yamaguchi_takaki_matsubara_yasuhara_suga_1996\/rawfile\/HEAD\/yamaguchi_takaki_matsubara_yasuhara_suga_1996.cellml","workspace\/baylor_hollingworth_chandler_2002\/rawfile\/HEAD\/baylor_hollingworth_chandler_2002_d.cellml","workspace\/marhl_haberichter_brumen_heinrich_2000\/rawfile\/HEAD\/marhl_haberichter_brumen_heinrich_2000.cellml","workspace\/baylor_hollingworth_chandler_2002\/rawfile\/HEAD\/baylor_hollingworth_chandler_2002_b.cellml","workspace\/luo_rudy_1994\/rawfile\/HEAD\/luo_rudy_1994.cellml","workspace\/devries_sherman_2000\/rawfile\/HEAD\/devries_sherman_2000.cellml","workspace\/boyett_zhang_garny_holden_2001\/rawfile\/HEAD\/boyett_zhang_garny_holden_2001.cellml","workspace\/stern_song_sham_yang_boheler_rios_1999\/rawfile\/HEAD\/stern_song_sham_yang_boheler_rios_1999.cellml","workspace\/izakov_katsnelson_blyakhman_markhasin_shkylar_1991\/rawfile\/HEAD\/izakov_katsnelson_blyakhman_markhasin_shkylar_1991.cellml","workspace\/colegrove_albrecht_friel_2000\/rawfile\/HEAD\/colegrove_albrecht_friel_2000.cellml","workspace\/iribe_kohl_noble_2006\/rawfile\/HEAD\/iribe_kohl_noble_2006.cellml","workspace\/dougherty_wright_yew_2005\/rawfile\/HEAD\/dougherty_wright_yew_2005.cellml"],"mapk":["workspace\/yamaguchi_takaki_matsubara_yasuhara_suga_1996\/rawfile\/HEAD\/yamaguchi_takaki_matsubara_yasuhara_suga_1996.cellml","workspace\/baylor_hollingworth_chandler_2002\/rawfile\/HEAD\/baylor_hollingworth_chandler_2002_d.cellml","workspace\/marhl_haberichter_brumen_heinrich_2000\/rawfile\/HEAD\/marhl_haberichter_brumen_heinrich_2000.cellml","workspace\/baylor_hollingworth_chandler_2002\/rawfile\/HEAD\/baylor_hollingworth_chandler_2002_b.cellml","workspace\/luo_rudy_1994\/rawfile\/HEAD\/luo_rudy_1994.cellml","workspace\/devries_sherman_2000\/rawfile\/HEAD\/devries_sherman_2000.cellml","workspace\/boyett_zhang_garny_holden_2001\/rawfile\/HEAD\/boyett_zhang_garny_holden_2001.cellml","workspace\/stern_song_sham_yang_boheler_rios_1999\/rawfile\/HEAD\/stern_song_sham_yang_boheler_rios_1999.cellml","workspace\/izakov_katsnelson_blyakhman_markhasin_shkylar_1991\/rawfile\/HEAD\/izakov_katsnelson_blyakhman_markhasin_shkylar_1991.cellml","workspace\/colegrove_albrecht_friel_2000\/rawfile\/HEAD\/colegrove_albrecht_friel_2000.cellml","workspace\/iribe_kohl_noble_2006\/rawfile\/HEAD\/iribe_kohl_noble_2006.cellml","workspace\/dougherty_wright_yew_2005\/rawfile\/HEAD\/dougherty_wright_yew_2005.cellml"],"electrolytes disturbence with complete heart block":["workspace\/yamaguchi_takaki_matsubara_yasuhara_suga_1996\/rawfile\/HEAD\/yamaguchi_takaki_matsubara_yasuhara_suga_1996.cellml","workspace\/baylor_hollingworth_chandler_2002\/rawfile\/HEAD\/baylor_hollingworth_chandler_2002_d.cellml","workspace\/marhl_haberichter_brumen_heinrich_2000\/rawfile\/HEAD\/marhl_haberichter_brumen_heinrich_2000.cellml","workspace\/baylor_hollingworth_chandler_2002\/rawfile\/HEAD\/baylor_hollingworth_chandler_2002_b.cellml","workspace\/luo_rudy_1994\/rawfile\/HEAD\/luo_rudy_1994.cellml","workspace\/devries_sherman_2000\/rawfile\/HEAD\/devries_sherman_2000.cellml","workspace\/boyett_zhang_garny_holden_2001\/rawfile\/HEAD\/boyett_zhang_garny_holden_2001.cellml","workspace\/stern_song_sham_yang_boheler_rios_1999\/rawfile\/HEAD\/stern_song_sham_yang_boheler_rios_1999.cellml","workspace\/izakov_katsnelson_blyakhman_markhasin_shkylar_1991\/rawfile\/HEAD\/izakov_katsnelson_blyakhman_markhasin_shkylar_1991.cellml","workspace\/colegrove_albrecht_friel_2000\/rawfile\/HEAD\/colegrove_albrecht_friel_2000.cellml","workspace\/iribe_kohl_noble_2006\/rawfile\/HEAD\/iribe_kohl_noble_2006.cellml","workspace\/dougherty_wright_yew_2005\/rawfile\/HEAD\/dougherty_wright_yew_2005.cellml"],"mitochondrial":["workspace\/fall_keizer_2001\/rawfile\/HEAD\/fall_keizer_2001.cellml"],"atp":["workspace\/yamaguchi_takaki_matsubara_yasuhara_suga_1996\/rawfile\/HEAD\/yamaguchi_takaki_matsubara_yasuhara_suga_1996.cellml","workspace\/baylor_hollingworth_chandler_2002\/rawfile\/HEAD\/baylor_hollingworth_chandler_2002_d.cellml","workspace\/marhl_haberichter_brumen_heinrich_2000\/rawfile\/HEAD\/marhl_haberichter_brumen_heinrich_2000.cellml","workspace\/baylor_hollingworth_chandler_2002\/rawfile\/HEAD\/baylor_hollingworth_chandler_2002_b.cellml","workspace\/luo_rudy_1994\/rawfile\/HEAD\/luo_rudy_1994.cellml","workspace\/devries_sherman_2000\/rawfile\/HEAD\/devries_sherman_2000.cellml","workspace\/boyett_zhang_garny_holden_2001\/rawfile\/HEAD\/boyett_zhang_garny_holden_2001.cellml","workspace\/stern_song_sham_yang_boheler_rios_1999\/rawfile\/HEAD\/stern_song_sham_yang_boheler_rios_1999.cellml","workspace\/izakov_katsnelson_blyakhman_markhasin_shkylar_1991\/rawfile\/HEAD\/izakov_katsnelson_blyakhman_markhasin_shkylar_1991.cellml","workspace\/colegrove_albrecht_friel_2000\/rawfile\/HEAD\/colegrove_albrecht_friel_2000.cellml","workspace\/iribe_kohl_noble_2006\/rawfile\/HEAD\/iribe_kohl_noble_2006.cellml","workspace\/dougherty_wright_yew_2005\/rawfile\/HEAD\/dougherty_wright_yew_2005.cellml"],"luo-rudy model":["workspace\/difrancesco_noble_1985\/rawfile\/HEAD\/difrancesco_noble_1985.cellml"],"cancer metabolism":["workspace\/yamaguchi_takaki_matsubara_yasuhara_suga_1996\/rawfile\/HEAD\/yamaguchi_takaki_matsubara_yasuhara_suga_1996.cellml","workspace\/baylor_hollingworth_chandler_2002\/rawfile\/HEAD\/baylor_hollingworth_chandler_2002_d.cellml","workspace\/marhl_haberichter_brumen_heinrich_2000\/rawfile\/HEAD\/marhl_haberichter_brumen_heinrich_2000.cellml","workspace\/baylor_hollingworth_chandler_2002\/rawfile\/HEAD\/baylor_hollingworth_chandler_2002_b.cellml","workspace\/luo_rudy_1994\/rawfile\/HEAD\/luo_rudy_1994.cellml","workspace\/devries_sherman_2000\/rawfile\/HEAD\/devries_sherman_2000.cellml","workspace\/boyett_zhang_garny_holden_2001\/rawfile\/HEAD\/boyett_zhang_garny_holden_2001.cellml","workspace\/stern_song_sham_yang_boheler_rios_1999\/rawfile\/HEAD\/stern_song_sham_yang_boheler_rios_1999.cellml","workspace\/izakov_katsnelson_blyakhman_markhasin_shkylar_1991\/rawfile\/HEAD\/izakov_katsnelson_blyakhman_markhasin_shkylar_1991.cellml","workspace\/colegrove_albrecht_friel_2000\/rawfile\/HEAD\/colegrove_albrecht_friel_2000.cellml","workspace\/iribe_kohl_noble_2006\/rawfile\/HEAD\/iribe_kohl_noble_2006.cellml","workspace\/dougherty_wright_yew_2005\/rawfile\/HEAD\/dougherty_wright_yew_2005.cellml"],"protein regulation":["workspace\/yamaguchi_takaki_matsubara_yasuhara_suga_1996\/rawfile\/HEAD\/yamaguchi_takaki_matsubara_yasuhara_suga_1996.cellml","workspace\/baylor_hollingworth_chandler_2002\/rawfile\/HEAD\/baylor_hollingworth_chandler_2002_d.cellml","workspace\/marhl_haberichter_brumen_heinrich_2000\/rawfile\/HEAD\/marhl_haberichter_brumen_heinrich_2000.cellml","workspace\/baylor_hollingworth_chandler_2002\/rawfile\/HEAD\/baylor_hollingworth_chandler_2002_b.cellml","workspace\/luo_rudy_1994\/rawfile\/HEAD\/luo_rudy_1994.cellml","workspace\/devries_sherman_2000\/rawfile\/HEAD\/devries_sherman_2000.cellml","workspace\/boyett_zhang_garny_holden_2001\/rawfile\/HEAD\/boyett_zhang_garny_holden_2001.cellml","workspace\/stern_song_sham_yang_boheler_rios_1999\/rawfile\/HEAD\/stern_song_sham_yang_boheler_rios_1999.cellml","workspace\/izakov_katsnelson_blyakhman_markhasin_shkylar_1991\/rawfile\/HEAD\/izakov_katsnelson_blyakhman_markhasin_shkylar_1991.cellml","workspace\/colegrove_albrecht_friel_2000\/rawfile\/HEAD\/colegrove_albrecht_friel_2000.cellml","workspace\/iribe_kohl_noble_2006\/rawfile\/HEAD\/iribe_kohl_noble_2006.cellml","workspace\/dougherty_wright_yew_2005\/rawfile\/HEAD\/dougherty_wright_yew_2005.cellml"],"interaction of glycolysis and mitochondrial respiration in metabolic oscillations of pancreatic islets":["workspace\/570\/rawfile\/HEAD\/bertram_satin_pedersen_luciani_sherman_2007.cellml"],"luo rudy model":["workspace\/yamaguchi_takaki_matsubara_yasuhara_suga_1996\/rawfile\/HEAD\/yamaguchi_takaki_matsubara_yasuhara_suga_1996.cellml","workspace\/baylor_hollingworth_chandler_2002\/rawfile\/HEAD\/baylor_hollingworth_chandler_2002_d.cellml","workspace\/marhl_haberichter_brumen_heinrich_2000\/rawfile\/HEAD\/marhl_haberichter_brumen_heinrich_2000.cellml","workspace\/baylor_hollingworth_chandler_2002\/rawfile\/HEAD\/baylor_hollingworth_chandler_2002_b.cellml","workspace\/luo_rudy_1994\/rawfile\/HEAD\/luo_rudy_1994.cellml","workspace\/devries_sherman_2000\/rawfile\/HEAD\/devries_sherman_2000.cellml","workspace\/boyett_zhang_garny_holden_2001\/rawfile\/HEAD\/boyett_zhang_garny_holden_2001.cellml","workspace\/stern_song_sham_yang_boheler_rios_1999\/rawfile\/HEAD\/stern_song_sham_yang_boheler_rios_1999.cellml","workspace\/izakov_katsnelson_blyakhman_markhasin_shkylar_1991\/rawfile\/HEAD\/izakov_katsnelson_blyakhman_markhasin_shkylar_1991.cellml","workspace\/colegrove_albrecht_friel_2000\/rawfile\/HEAD\/colegrove_albrecht_friel_2000.cellml","workspace\/iribe_kohl_noble_2006\/rawfile\/HEAD\/iribe_kohl_noble_2006.cellml","workspace\/dougherty_wright_yew_2005\/rawfile\/HEAD\/dougherty_wright_yew_2005.cellml"],"di francesco-noble purkinje fibre model 1985":["workspace\/difrancesco_noble_1985\/rawfile\/HEAD\/difrancesco_noble_1985.cellml"],"computational models of ventricular":["workspace\/iyer_mazhari_winslow_2004\/rawfile\/HEAD\/iyer_mazhari_winslow_2004.cellml"],"cardiac":["workspace\/yamaguchi_takaki_matsubara_yasuhara_suga_1996\/rawfile\/HEAD\/yamaguchi_takaki_matsubara_yasuhara_suga_1996.cellml","workspace\/baylor_hollingworth_chandler_2002\/rawfile\/HEAD\/baylor_hollingworth_chandler_2002_d.cellml","workspace\/marhl_haberichter_brumen_heinrich_2000\/rawfile\/HEAD\/marhl_haberichter_brumen_heinrich_2000.cellml","workspace\/baylor_hollingworth_chandler_2002\/rawfile\/HEAD\/baylor_hollingworth_chandler_2002_b.cellml","workspace\/luo_rudy_1994\/rawfile\/HEAD\/luo_rudy_1994.cellml","workspace\/devries_sherman_2000\/rawfile\/HEAD\/devries_sherman_2000.cellml","workspace\/boyett_zhang_garny_holden_2001\/rawfile\/HEAD\/boyett_zhang_garny_holden_2001.cellml","workspace\/stern_song_sham_yang_boheler_rios_1999\/rawfile\/HEAD\/stern_song_sham_yang_boheler_rios_1999.cellml","workspace\/izakov_katsnelson_blyakhman_markhasin_shkylar_1991\/rawfile\/HEAD\/izakov_katsnelson_blyakhman_markhasin_shkylar_1991.cellml","workspace\/colegrove_albrecht_friel_2000\/rawfile\/HEAD\/colegrove_albrecht_friel_2000.cellml","workspace\/iribe_kohl_noble_2006\/rawfile\/HEAD\/iribe_kohl_noble_2006.cellml","workspace\/dougherty_wright_yew_2005\/rawfile\/HEAD\/dougherty_wright_yew_2005.cellml"],"human ventricular":["workspace\/tentusscher_noble_noble_panfilov_2004\/rawfile\/HEAD\/tentusscher_noble_noble_panfilov_2004_b.cellml","workspace\/tentusscher_noble_noble_panfilov_2004\/rawfile\/HEAD\/tentusscher_noble_noble_panfilov_2004_c.cellml","workspace\/tentusscher_noble_noble_panfilov_2004\/rawfile\/HEAD\/tentusscher_noble_noble_panfilov_2004_a.cellml"],"bueno-orovio-cherry-fenton model":["workspace\/difrancesco_noble_1985\/rawfile\/HEAD\/difrancesco_noble_1985.cellml"],"temperature":["workspace\/yamaguchi_takaki_matsubara_yasuhara_suga_1996\/rawfile\/HEAD\/yamaguchi_takaki_matsubara_yasuhara_suga_1996.cellml","workspace\/baylor_hollingworth_chandler_2002\/rawfile\/HEAD\/baylor_hollingworth_chandler_2002_d.cellml","workspace\/marhl_haberichter_brumen_heinrich_2000\/rawfile\/HEAD\/marhl_haberichter_brumen_heinrich_2000.cellml","workspace\/baylor_hollingworth_chandler_2002\/rawfile\/HEAD\/baylor_hollingworth_chandler_2002_b.cellml","workspace\/luo_rudy_1994\/rawfile\/HEAD\/luo_rudy_1994.cellml","workspace\/devries_sherman_2000\/rawfile\/HEAD\/devries_sherman_2000.cellml","workspace\/boyett_zhang_garny_holden_2001\/rawfile\/HEAD\/boyett_zhang_garny_holden_2001.cellml","workspace\/stern_song_sham_yang_boheler_rios_1999\/rawfile\/HEAD\/stern_song_sham_yang_boheler_rios_1999.cellml","workspace\/izakov_katsnelson_blyakhman_markhasin_shkylar_1991\/rawfile\/HEAD\/izakov_katsnelson_blyakhman_markhasin_shkylar_1991.cellml","workspace\/colegrove_albrecht_friel_2000\/rawfile\/HEAD\/colegrove_albrecht_friel_2000.cellml","workspace\/iribe_kohl_noble_2006\/rawfile\/HEAD\/iribe_kohl_noble_2006.cellml","workspace\/dougherty_wright_yew_2005\/rawfile\/HEAD\/dougherty_wright_yew_2005.cellml"],"adenosine brain":["workspace\/546\/rawfile\/HEAD\/cloutier_2009.cellml"],"sglt1":["workspace\/267\/rawfile\/HEAD\/mackenzie_1996.cellml","workspace\/267\/rawfile\/HEAD\/mackenzie_1996-mouse-baso.cellml","workspace\/267\/rawfile\/HEAD\/eskandari_2005.cellml","workspace\/267\/rawfile\/HEAD\/SEDML\/eskandari_2005\/eskandari_2005.cellml","workspace\/267\/rawfile\/HEAD\/SEDML\/mackenzie_1996\/mackenzie_1996.cellml"],"a model of cardiac electrical activity incorporating ionic pumps and concentration changes":["workspace\/difrancesco_noble_1985\/rawfile\/HEAD\/difrancesco_noble_1985.cellml"],"oxidative phosphorylation":["workspace\/yamaguchi_takaki_matsubara_yasuhara_suga_1996\/rawfile\/HEAD\/yamaguchi_takaki_matsubara_yasuhara_suga_1996.cellml","workspace\/baylor_hollingworth_chandler_2002\/rawfile\/HEAD\/baylor_hollingworth_chandler_2002_d.cellml","workspace\/marhl_haberichter_brumen_heinrich_2000\/rawfile\/HEAD\/marhl_haberichter_brumen_heinrich_2000.cellml","workspace\/baylor_hollingworth_chandler_2002\/rawfile\/HEAD\/baylor_hollingworth_chandler_2002_b.cellml","workspace\/546\/rawfile\/HEAD\/cloutier_2009.cellml","workspace\/luo_rudy_1994\/rawfile\/HEAD\/luo_rudy_1994.cellml","workspace\/devries_sherman_2000\/rawfile\/HEAD\/devries_sherman_2000.cellml","workspace\/boyett_zhang_garny_holden_2001\/rawfile\/HEAD\/boyett_zhang_garny_holden_2001.cellml","workspace\/stern_song_sham_yang_boheler_rios_1999\/rawfile\/HEAD\/stern_song_sham_yang_boheler_rios_1999.cellml","workspace\/izakov_katsnelson_blyakhman_markhasin_shkylar_1991\/rawfile\/HEAD\/izakov_katsnelson_blyakhman_markhasin_shkylar_1991.cellml","workspace\/colegrove_albrecht_friel_2000\/rawfile\/HEAD\/colegrove_albrecht_friel_2000.cellml","workspace\/iribe_kohl_noble_2006\/rawfile\/HEAD\/iribe_kohl_noble_2006.cellml","workspace\/dougherty_wright_yew_2005\/rawfile\/HEAD\/dougherty_wright_yew_2005.cellml"],"rat":["workspace\/yamaguchi_takaki_matsubara_yasuhara_suga_1996\/rawfile\/HEAD\/yamaguchi_takaki_matsubara_yasuhara_suga_1996.cellml","workspace\/baylor_hollingworth_chandler_2002\/rawfile\/HEAD\/baylor_hollingworth_chandler_2002_d.cellml","workspace\/marhl_haberichter_brumen_heinrich_2000\/rawfile\/HEAD\/marhl_haberichter_brumen_heinrich_2000.cellml","workspace\/baylor_hollingworth_chandler_2002\/rawfile\/HEAD\/baylor_hollingworth_chandler_2002_b.cellml","workspace\/luo_rudy_1994\/rawfile\/HEAD\/luo_rudy_1994.cellml","workspace\/devries_sherman_2000\/rawfile\/HEAD\/devries_sherman_2000.cellml","workspace\/boyett_zhang_garny_holden_2001\/rawfile\/HEAD\/boyett_zhang_garny_holden_2001.cellml","workspace\/stern_song_sham_yang_boheler_rios_1999\/rawfile\/HEAD\/stern_song_sham_yang_boheler_rios_1999.cellml","workspace\/izakov_katsnelson_blyakhman_markhasin_shkylar_1991\/rawfile\/HEAD\/izakov_katsnelson_blyakhman_markhasin_shkylar_1991.cellml","workspace\/colegrove_albrecht_friel_2000\/rawfile\/HEAD\/colegrove_albrecht_friel_2000.cellml","workspace\/iribe_kohl_noble_2006\/rawfile\/HEAD\/iribe_kohl_noble_2006.cellml","workspace\/dougherty_wright_yew_2005\/rawfile\/HEAD\/dougherty_wright_yew_2005.cellml"],"glucose":["workspace\/yamaguchi_takaki_matsubara_yasuhara_suga_1996\/rawfile\/HEAD\/yamaguchi_takaki_matsubara_yasuhara_suga_1996.cellml","workspace\/570\/rawfile\/HEAD\/bertram_satin_pedersen_luciani_sherman_2007.cellml","workspace\/baylor_hollingworth_chandler_2002\/rawfile\/HEAD\/baylor_hollingworth_chandler_2002_d.cellml","workspace\/marhl_haberichter_brumen_heinrich_2000\/rawfile\/HEAD\/marhl_haberichter_brumen_heinrich_2000.cellml","workspace\/267\/rawfile\/HEAD\/SEDML\/eskandari_2005\/eskandari_2005.cellml","workspace\/baylor_hollingworth_chandler_2002\/rawfile\/HEAD\/baylor_hollingworth_chandler_2002_b.cellml","workspace\/luo_rudy_1994\/rawfile\/HEAD\/luo_rudy_1994.cellml","workspace\/devries_sherman_2000\/rawfile\/HEAD\/devries_sherman_2000.cellml","workspace\/boyett_zhang_garny_holden_2001\/rawfile\/HEAD\/boyett_zhang_garny_holden_2001.cellml","workspace\/stern_song_sham_yang_boheler_rios_1999\/rawfile\/HEAD\/stern_song_sham_yang_boheler_rios_1999.cellml","workspace\/izakov_katsnelson_blyakhman_markhasin_shkylar_1991\/rawfile\/HEAD\/izakov_katsnelson_blyakhman_markhasin_shkylar_1991.cellml","workspace\/267\/rawfile\/HEAD\/eskandari_2005.cellml","workspace\/colegrove_albrecht_friel_2000\/rawfile\/HEAD\/colegrove_albrecht_friel_2000.cellml","workspace\/iribe_kohl_noble_2006\/rawfile\/HEAD\/iribe_kohl_noble_2006.cellml","workspace\/dougherty_wright_yew_2005\/rawfile\/HEAD\/dougherty_wright_yew_2005.cellml"],"pancreatic alpha cells":["workspace\/yamaguchi_takaki_matsubara_yasuhara_suga_1996\/rawfile\/HEAD\/yamaguchi_takaki_matsubara_yasuhara_suga_1996.cellml","workspace\/baylor_hollingworth_chandler_2002\/rawfile\/HEAD\/baylor_hollingworth_chandler_2002_d.cellml","workspace\/marhl_haberichter_brumen_heinrich_2000\/rawfile\/HEAD\/marhl_haberichter_brumen_heinrich_2000.cellml","workspace\/baylor_hollingworth_chandler_2002\/rawfile\/HEAD\/baylor_hollingworth_chandler_2002_b.cellml","workspace\/luo_rudy_1994\/rawfile\/HEAD\/luo_rudy_1994.cellml","workspace\/devries_sherman_2000\/rawfile\/HEAD\/devries_sherman_2000.cellml","workspace\/boyett_zhang_garny_holden_2001\/rawfile\/HEAD\/boyett_zhang_garny_holden_2001.cellml","workspace\/stern_song_sham_yang_boheler_rios_1999\/rawfile\/HEAD\/stern_song_sham_yang_boheler_rios_1999.cellml","workspace\/izakov_katsnelson_blyakhman_markhasin_shkylar_1991\/rawfile\/HEAD\/izakov_katsnelson_blyakhman_markhasin_shkylar_1991.cellml","workspace\/colegrove_albrecht_friel_2000\/rawfile\/HEAD\/colegrove_albrecht_friel_2000.cellml","workspace\/iribe_kohl_noble_2006\/rawfile\/HEAD\/iribe_kohl_noble_2006.cellml","workspace\/dougherty_wright_yew_2005\/rawfile\/HEAD\/dougherty_wright_yew_2005.cellml"],"myocyte":["workspace\/yamaguchi_takaki_matsubara_yasuhara_suga_1996\/rawfile\/HEAD\/yamaguchi_takaki_matsubara_yasuhara_suga_1996.cellml","workspace\/baylor_hollingworth_chandler_2002\/rawfile\/HEAD\/baylor_hollingworth_chandler_2002_d.cellml","workspace\/marhl_haberichter_brumen_heinrich_2000\/rawfile\/HEAD\/marhl_haberichter_brumen_heinrich_2000.cellml","workspace\/baylor_hollingworth_chandler_2002\/rawfile\/HEAD\/baylor_hollingworth_chandler_2002_b.cellml","workspace\/terkildsen_niederer_crampin_hunter_smith_2008\/rawfile\/HEAD\/Hinch_et_al_2004.cellml","workspace\/563\/rawfile\/HEAD\/saucerman_brunton_michailova_mcculloch_2003.cellml","workspace\/556\/rawfile\/HEAD\/niederer_hunter_smith_2006.cellml","workspace\/luo_rudy_1994\/rawfile\/HEAD\/luo_rudy_1994.cellml","workspace\/devries_sherman_2000\/rawfile\/HEAD\/devries_sherman_2000.cellml","workspace\/boyett_zhang_garny_holden_2001\/rawfile\/HEAD\/boyett_zhang_garny_holden_2001.cellml","workspace\/tentusscher_noble_noble_panfilov_2004\/rawfile\/HEAD\/tentusscher_noble_noble_panfilov_2004_a.cellml","workspace\/stern_song_sham_yang_boheler_rios_1999\/rawfile\/HEAD\/stern_song_sham_yang_boheler_rios_1999.cellml","workspace\/niederer_hunter_smith_2006\/rawfile\/HEAD\/niederer_hunter_smith_2006.cellml","workspace\/shannon_wang_puglisi_weber_bers_2004\/rawfile\/HEAD\/shannon_wang_puglisi_weber_bers_2004_a.cellml","workspace\/tentusscher_noble_noble_panfilov_2004\/rawfile\/HEAD\/tentusscher_noble_noble_panfilov_2004_b.cellml","workspace\/izakov_katsnelson_blyakhman_markhasin_shkylar_1991\/rawfile\/HEAD\/izakov_katsnelson_blyakhman_markhasin_shkylar_1991.cellml","workspace\/tentusscher_noble_noble_panfilov_2004\/rawfile\/HEAD\/tentusscher_noble_noble_panfilov_2004_c.cellml","workspace\/colegrove_albrecht_friel_2000\/rawfile\/HEAD\/colegrove_albrecht_friel_2000.cellml","workspace\/55c\/rawfile\/HEAD\/Hinch_et_al_2004.cellml","workspace\/faber_rudy_2000\/rawfile\/HEAD\/faber_rudy_2000.cellml","workspace\/shannon_wang_puglisi_weber_bers_2004\/rawfile\/HEAD\/shannon_wang_puglisi_weber_bers_2004_b.cellml","workspace\/hinch_greenstein_tanskanen_xu_winslow_2004\/rawfile\/HEAD\/hinch_greenstein_tanskanen_xu_winslow_2004.cellml","workspace\/iyer_mazhari_winslow_2004\/rawfile\/HEAD\/iyer_mazhari_winslow_2004.cellml","workspace\/iribe_kohl_noble_2006\/rawfile\/HEAD\/iribe_kohl_noble_2006.cellml","workspace\/dougherty_wright_yew_2005\/rawfile\/HEAD\/dougherty_wright_yew_2005.cellml"],"network":["workspace\/yamaguchi_takaki_matsubara_yasuhara_suga_1996\/rawfile\/HEAD\/yamaguchi_takaki_matsubara_yasuhara_suga_1996.cellml","workspace\/baylor_hollingworth_chandler_2002\/rawfile\/HEAD\/baylor_hollingworth_chandler_2002_d.cellml","workspace\/marhl_haberichter_brumen_heinrich_2000\/rawfile\/HEAD\/marhl_haberichter_brumen_heinrich_2000.cellml","workspace\/baylor_hollingworth_chandler_2002\/rawfile\/HEAD\/baylor_hollingworth_chandler_2002_b.cellml","workspace\/luo_rudy_1994\/rawfile\/HEAD\/luo_rudy_1994.cellml","workspace\/devries_sherman_2000\/rawfile\/HEAD\/devries_sherman_2000.cellml","workspace\/boyett_zhang_garny_holden_2001\/rawfile\/HEAD\/boyett_zhang_garny_holden_2001.cellml","workspace\/stern_song_sham_yang_boheler_rios_1999\/rawfile\/HEAD\/stern_song_sham_yang_boheler_rios_1999.cellml","workspace\/izakov_katsnelson_blyakhman_markhasin_shkylar_1991\/rawfile\/HEAD\/izakov_katsnelson_blyakhman_markhasin_shkylar_1991.cellml","workspace\/colegrove_albrecht_friel_2000\/rawfile\/HEAD\/colegrove_albrecht_friel_2000.cellml","workspace\/iribe_kohl_noble_2006\/rawfile\/HEAD\/iribe_kohl_noble_2006.cellml","workspace\/dougherty_wright_yew_2005\/rawfile\/HEAD\/dougherty_wright_yew_2005.cellml"],"graph":["workspace\/yamaguchi_takaki_matsubara_yasuhara_suga_1996\/rawfile\/HEAD\/yamaguchi_takaki_matsubara_yasuhara_suga_1996.cellml","workspace\/baylor_hollingworth_chandler_2002\/rawfile\/HEAD\/baylor_hollingworth_chandler_2002_d.cellml","workspace\/marhl_haberichter_brumen_heinrich_2000\/rawfile\/HEAD\/marhl_haberichter_brumen_heinrich_2000.cellml","workspace\/baylor_hollingworth_chandler_2002\/rawfile\/HEAD\/baylor_hollingworth_chandler_2002_b.cellml","workspace\/luo_rudy_1994\/rawfile\/HEAD\/luo_rudy_1994.cellml","workspace\/devries_sherman_2000\/rawfile\/HEAD\/devries_sherman_2000.cellml","workspace\/boyett_zhang_garny_holden_2001\/rawfile\/HEAD\/boyett_zhang_garny_holden_2001.cellml","workspace\/stern_song_sham_yang_boheler_rios_1999\/rawfile\/HEAD\/stern_song_sham_yang_boheler_rios_1999.cellml","workspace\/izakov_katsnelson_blyakhman_markhasin_shkylar_1991\/rawfile\/HEAD\/izakov_katsnelson_blyakhman_markhasin_shkylar_1991.cellml","workspace\/colegrove_albrecht_friel_2000\/rawfile\/HEAD\/colegrove_albrecht_friel_2000.cellml","workspace\/iribe_kohl_noble_2006\/rawfile\/HEAD\/iribe_kohl_noble_2006.cellml","workspace\/dougherty_wright_yew_2005\/rawfile\/HEAD\/dougherty_wright_yew_2005.cellml"],"mouse ventricular myocyte action potential calcium transients cpvt":["workspace\/563\/rawfile\/HEAD\/saucerman_brunton_michailova_mcculloch_2003.cellml"],"growth hormone":["workspace\/yamaguchi_takaki_matsubara_yasuhara_suga_1996\/rawfile\/HEAD\/yamaguchi_takaki_matsubara_yasuhara_suga_1996.cellml","workspace\/baylor_hollingworth_chandler_2002\/rawfile\/HEAD\/baylor_hollingworth_chandler_2002_d.cellml","workspace\/marhl_haberichter_brumen_heinrich_2000\/rawfile\/HEAD\/marhl_haberichter_brumen_heinrich_2000.cellml","workspace\/baylor_hollingworth_chandler_2002\/rawfile\/HEAD\/baylor_hollingworth_chandler_2002_b.cellml","workspace\/luo_rudy_1994\/rawfile\/HEAD\/luo_rudy_1994.cellml","workspace\/devries_sherman_2000\/rawfile\/HEAD\/devries_sherman_2000.cellml","workspace\/boyett_zhang_garny_holden_2001\/rawfile\/HEAD\/boyett_zhang_garny_holden_2001.cellml","workspace\/stern_song_sham_yang_boheler_rios_1999\/rawfile\/HEAD\/stern_song_sham_yang_boheler_rios_1999.cellml","workspace\/izakov_katsnelson_blyakhman_markhasin_shkylar_1991\/rawfile\/HEAD\/izakov_katsnelson_blyakhman_markhasin_shkylar_1991.cellml","workspace\/colegrove_albrecht_friel_2000\/rawfile\/HEAD\/colegrove_albrecht_friel_2000.cellml","workspace\/iribe_kohl_noble_2006\/rawfile\/HEAD\/iribe_kohl_noble_2006.cellml","workspace\/dougherty_wright_yew_2005\/rawfile\/HEAD\/dougherty_wright_yew_2005.cellml"],"shorten wall":["workspace\/yamaguchi_takaki_matsubara_yasuhara_suga_1996\/rawfile\/HEAD\/yamaguchi_takaki_matsubara_yasuhara_suga_1996.cellml","workspace\/baylor_hollingworth_chandler_2002\/rawfile\/HEAD\/baylor_hollingworth_chandler_2002_d.cellml","workspace\/marhl_haberichter_brumen_heinrich_2000\/rawfile\/HEAD\/marhl_haberichter_brumen_heinrich_2000.cellml","workspace\/baylor_hollingworth_chandler_2002\/rawfile\/HEAD\/baylor_hollingworth_chandler_2002_b.cellml","workspace\/luo_rudy_1994\/rawfile\/HEAD\/luo_rudy_1994.cellml","workspace\/devries_sherman_2000\/rawfile\/HEAD\/devries_sherman_2000.cellml","workspace\/boyett_zhang_garny_holden_2001\/rawfile\/HEAD\/boyett_zhang_garny_holden_2001.cellml","workspace\/stern_song_sham_yang_boheler_rios_1999\/rawfile\/HEAD\/stern_song_sham_yang_boheler_rios_1999.cellml","workspace\/shorten_robson_mckinnon_wall_2000\/rawfile\/HEAD\/shorten_robson_mckinnon_wall_2000.cellml","workspace\/izakov_katsnelson_blyakhman_markhasin_shkylar_1991\/rawfile\/HEAD\/izakov_katsnelson_blyakhman_markhasin_shkylar_1991.cellml","workspace\/colegrove_albrecht_friel_2000\/rawfile\/HEAD\/colegrove_albrecht_friel_2000.cellml","workspace\/iribe_kohl_noble_2006\/rawfile\/HEAD\/iribe_kohl_noble_2006.cellml","workspace\/dougherty_wright_yew_2005\/rawfile\/HEAD\/dougherty_wright_yew_2005.cellml"],"zhang h, holden av, kodama i, honjo h, lei m, varghese t, boyett mr":["workspace\/yamaguchi_takaki_matsubara_yasuhara_suga_1996\/rawfile\/HEAD\/yamaguchi_takaki_matsubara_yasuhara_suga_1996.cellml","workspace\/baylor_hollingworth_chandler_2002\/rawfile\/HEAD\/baylor_hollingworth_chandler_2002_d.cellml","workspace\/marhl_haberichter_brumen_heinrich_2000\/rawfile\/HEAD\/marhl_haberichter_brumen_heinrich_2000.cellml","workspace\/baylor_hollingworth_chandler_2002\/rawfile\/HEAD\/baylor_hollingworth_chandler_2002_b.cellml","workspace\/luo_rudy_1994\/rawfile\/HEAD\/luo_rudy_1994.cellml","workspace\/devries_sherman_2000\/rawfile\/HEAD\/devries_sherman_2000.cellml","workspace\/boyett_zhang_garny_holden_2001\/rawfile\/HEAD\/boyett_zhang_garny_holden_2001.cellml","workspace\/stern_song_sham_yang_boheler_rios_1999\/rawfile\/HEAD\/stern_song_sham_yang_boheler_rios_1999.cellml","workspace\/izakov_katsnelson_blyakhman_markhasin_shkylar_1991\/rawfile\/HEAD\/izakov_katsnelson_blyakhman_markhasin_shkylar_1991.cellml","workspace\/colegrove_albrecht_friel_2000\/rawfile\/HEAD\/colegrove_albrecht_friel_2000.cellml","workspace\/iribe_kohl_noble_2006\/rawfile\/HEAD\/iribe_kohl_noble_2006.cellml","workspace\/dougherty_wright_yew_2005\/rawfile\/HEAD\/dougherty_wright_yew_2005.cellml"],"a synthetic oscillatory network of transciptional regulators":["workspace\/yamaguchi_takaki_matsubara_yasuhara_suga_1996\/rawfile\/HEAD\/yamaguchi_takaki_matsubara_yasuhara_suga_1996.cellml","workspace\/baylor_hollingworth_chandler_2002\/rawfile\/HEAD\/baylor_hollingworth_chandler_2002_d.cellml","workspace\/marhl_haberichter_brumen_heinrich_2000\/rawfile\/HEAD\/marhl_haberichter_brumen_heinrich_2000.cellml","workspace\/baylor_hollingworth_chandler_2002\/rawfile\/HEAD\/baylor_hollingworth_chandler_2002_b.cellml","workspace\/luo_rudy_1994\/rawfile\/HEAD\/luo_rudy_1994.cellml","workspace\/devries_sherman_2000\/rawfile\/HEAD\/devries_sherman_2000.cellml","workspace\/boyett_zhang_garny_holden_2001\/rawfile\/HEAD\/boyett_zhang_garny_holden_2001.cellml","workspace\/stern_song_sham_yang_boheler_rios_1999\/rawfile\/HEAD\/stern_song_sham_yang_boheler_rios_1999.cellml","workspace\/izakov_katsnelson_blyakhman_markhasin_shkylar_1991\/rawfile\/HEAD\/izakov_katsnelson_blyakhman_markhasin_shkylar_1991.cellml","workspace\/colegrove_albrecht_friel_2000\/rawfile\/HEAD\/colegrove_albrecht_friel_2000.cellml","workspace\/iribe_kohl_noble_2006\/rawfile\/HEAD\/iribe_kohl_noble_2006.cellml","workspace\/dougherty_wright_yew_2005\/rawfile\/HEAD\/dougherty_wright_yew_2005.cellml"],"a model of the ventricular cardiac action":["workspace\/luo_rudy_1991\/rawfile\/HEAD\/luo_rudy_1991.cellml"],"the ord human ventricular action potential model":["w\/andre\/SAN-ORd\/rawfile\/HEAD\/Ohara_Rudy_2011.cellml"],"computational model for emergent dynamics in the heart":["workspace\/yamaguchi_takaki_matsubara_yasuhara_suga_1996\/rawfile\/HEAD\/yamaguchi_takaki_matsubara_yasuhara_suga_1996.cellml","workspace\/baylor_hollingworth_chandler_2002\/rawfile\/HEAD\/baylor_hollingworth_chandler_2002_d.cellml","workspace\/marhl_haberichter_brumen_heinrich_2000\/rawfile\/HEAD\/marhl_haberichter_brumen_heinrich_2000.cellml","workspace\/baylor_hollingworth_chandler_2002\/rawfile\/HEAD\/baylor_hollingworth_chandler_2002_b.cellml","workspace\/luo_rudy_1994\/rawfile\/HEAD\/luo_rudy_1994.cellml","workspace\/devries_sherman_2000\/rawfile\/HEAD\/devries_sherman_2000.cellml","workspace\/difrancesco_noble_1985\/rawfile\/HEAD\/difrancesco_noble_1985.cellml","workspace\/boyett_zhang_garny_holden_2001\/rawfile\/HEAD\/boyett_zhang_garny_holden_2001.cellml","workspace\/stern_song_sham_yang_boheler_rios_1999\/rawfile\/HEAD\/stern_song_sham_yang_boheler_rios_1999.cellml","workspace\/izakov_katsnelson_blyakhman_markhasin_shkylar_1991\/rawfile\/HEAD\/izakov_katsnelson_blyakhman_markhasin_shkylar_1991.cellml","workspace\/colegrove_albrecht_friel_2000\/rawfile\/HEAD\/colegrove_albrecht_friel_2000.cellml","workspace\/iribe_kohl_noble_2006\/rawfile\/HEAD\/iribe_kohl_noble_2006.cellml","workspace\/dougherty_wright_yew_2005\/rawfile\/HEAD\/dougherty_wright_yew_2005.cellml"],"a model of excitation and adaptation in bacterial chemotaxis":["workspace\/yamaguchi_takaki_matsubara_yasuhara_suga_1996\/rawfile\/HEAD\/yamaguchi_takaki_matsubara_yasuhara_suga_1996.cellml","workspace\/baylor_hollingworth_chandler_2002\/rawfile\/HEAD\/baylor_hollingworth_chandler_2002_d.cellml","workspace\/marhl_haberichter_brumen_heinrich_2000\/rawfile\/HEAD\/marhl_haberichter_brumen_heinrich_2000.cellml","workspace\/baylor_hollingworth_chandler_2002\/rawfile\/HEAD\/baylor_hollingworth_chandler_2002_b.cellml","workspace\/luo_rudy_1994\/rawfile\/HEAD\/luo_rudy_1994.cellml","workspace\/devries_sherman_2000\/rawfile\/HEAD\/devries_sherman_2000.cellml","workspace\/boyett_zhang_garny_holden_2001\/rawfile\/HEAD\/boyett_zhang_garny_holden_2001.cellml","workspace\/stern_song_sham_yang_boheler_rios_1999\/rawfile\/HEAD\/stern_song_sham_yang_boheler_rios_1999.cellml","workspace\/izakov_katsnelson_blyakhman_markhasin_shkylar_1991\/rawfile\/HEAD\/izakov_katsnelson_blyakhman_markhasin_shkylar_1991.cellml","workspace\/colegrove_albrecht_friel_2000\/rawfile\/HEAD\/colegrove_albrecht_friel_2000.cellml","workspace\/iribe_kohl_noble_2006\/rawfile\/HEAD\/iribe_kohl_noble_2006.cellml","workspace\/dougherty_wright_yew_2005\/rawfile\/HEAD\/dougherty_wright_yew_2005.cellml"]}